序号,算法名称,描述,调用量,是否有案例,是否热门,所属分类,所在页码
1,算法自动选择器,根据数据特征和分析目标，推荐合适的统计和机器学习算法组合。,322,否,是,描述性统计,1
2,组内评分者信度（rwg）,衡量组内评分者意见一致程度的指标,102,是,否,问卷研究,1
3,二阶聚类（两步聚类）,两步聚类：自动定簇数的混合型聚类,100,是,否,聚类与降维,1
4,SBM模型,基于松弛变量的效率评价模型,100,是,否,综合评价,1
5,森林图,展示合并效应量与置信区间的森林图,100,是,否,医学统计,1
6,方差齐性检验,检验多组数据方差是否相等,99,是,否,差异比较,1
7,分位数回归,估计各条件分位点回归系数,98,是,否,回归分析,1
8,基准回归,以OLS估计核心解释变量的基准效应,98,是,否,时间序列与计量经济,1
9,Z-MR控制图（标准值-移动极差图）,用标准值控制单值与移动极差,98,是,否,质量控制,1
10,参数分布分析（可靠性分析）,拟合寿命分布评估产品可靠性,98,是,否,质量控制,1
11,正态性检验,检验定量数据是否服从正态分布,97,是,否,描述性统计,1
12,平均值Meta分析,合并多项研究均值效应并评估异质性,97,是,否,Meta分析,1
13,割平面法,逐轮添加割平面求得整数最优解,97,是,否,规划求解,1
14,熵值法,熵值法根据数据离散程度客观赋权,96,是,否,综合评价,1
15,共线性分析（VIF诊断）,检测自变量间的多重共线性,96,是,否,回归分析,1
16,GBDT梯度提升树,以残差为目标的逐轮集成树方法,96,是,否,机器学习,2
17,Kruskal-Wallis检验（多样本秩和）,多样本位置差异的非参数秩和检验,95,是,否,差异比较,2
18,Deming回归,同计两变量测量误差的直线回归,95,是,否,回归分析,2
19,对应分析,低维点图揭示分类变量类别关联,95,是,否,问卷研究,2
20,U控制图（单位缺陷数图）,监控单位缺陷数波动并判异,95,是,否,质量控制,2
21,Probit回归,二分类因变量的概率回归模型,94,是,否,回归分析,2
22,结构方程模型（SEM）,检验潜变量间的理论路径关系,93,是,否,问卷研究,2
23,Cox回归（比例风险回归）,估计协变量对生存风险的影响,93,是,否,医学统计,2
24,信度分析,检验量表作答的内部一致性信度,92,是,是,问卷研究,2
25,非线性回归,以显式曲线函数拟合非线性关系,92,是,否,回归分析,2
26,属性一致性分析,评估多人多次属性判定的一致性,92,是,否,质量控制,2
27,卡方检验,检验分类变量间关联或分布差异,91,是,否,差异比较,2
28,变异系数法（信息量权重法）,按指标变异程度客观赋权并综合打分排序,91,是,否,综合评价,2
29,Bland-Altman一致性分析,评估两种测量方法的一致性,91,是,否,医学统计,2
30,支持向量机（SVM/SVR）,小样本非线性分类与回归的核方法,90,是,否,机器学习,2
31,均匀设计,以少次试验均匀布点覆盖试验范围,90,是,否,试验设计,3
32,数据探索（数据质量体检）,系统扫描缺失重复异常并出具质量诊断,89,是,否,描述性统计,3
33,牛顿法（拟牛顿法）,用导数迭代逼近最优解与方程根,89,是,否,规划求解,3
34,功效分析之均值差,规划样本量与检验功效,89,是,否,功效分析,3
35,主成分分析（PCA）,正交降维，提取主要信息,88,是,否,聚类与降维,3
36,模糊层次分析法,三角模糊两两比较求权重排序方案,88,是,否,综合评价,3
37,项目分析（区分度分析）,评估问卷题项区分被试水平差异的能力,88,是,否,问卷研究,3
38,校准曲线,评估预测概率与实际发生率的吻合程度,88,是,否,医学统计,3
39,空间误差模型（SEM）,刻画误差项空间依赖的空间回归,88,是,否,空间计量,3
40,个体分布标识,识别连续数据最匹配的概率分布,87,是,否,描述性统计,3
41,RFM客户价值模型,从最近消费、频次、金额三维评估客户价值,87,是,否,综合评价,3
42,神经网络（BP/MLP）,反向传播多层神经网络，用于分类与回归,87,是,否,机器学习,3
43,梯度下降法,沿负梯度迭代寻优的一阶优化方法,87,是,否,规划求解,3
44,效度分析,探索性因子分析检验量表结构效度,86,是,是,问卷研究,3
45,ADF单位根检验,检验序列是否存在单位根,86,是,否,时间序列与计量经济,3
46,双重差分（DID）,基于组别与时期双重差异识别因果效应,86,是,否,时间序列与计量经济,4
47,遗传算法,模拟自然选择进化的全局寻优算法,86,是,否,规划求解,4
48,动态规划（背包资源分配）,容量约束下求解项目组合最优决策,86,是,否,规划求解,4
49,数据概览,整体体检数据的质量与结构特征,85,是,否,描述性统计,4
50,文本情感分析,识别评论文本的正负面情感,85,是,否,文本分析,4
51,词频统计,统计文本中词语出现频次与占比,85,是,否,文本分析,4
52,亚组分析,分层探查效应在不同人群的异质性,85,是,否,医学统计,4
53,列联（交叉）分析,用列联表与卡方检验考察分类变量间的关联,84,是,否,描述性统计,4
54,帕累托图,按贡献排序定位关键少数,84,是,否,质量控制,4
55,C控制图（缺陷数图）,监控单位缺陷数受控状态的计数控制图,84,是,否,质量控制,4
56,MaxDiff最大差异度量,组内选出最偏好与最不偏好以量化属性效用,84,是,否,问卷研究,4
57,粒子群优化算法,群体智能启发式全局寻优算法,83,是,否,规划求解,4
58,功效分析之广义模型,GLM检验的功效与样本量计算,83,是,否,功效分析,4
59,对数线性模型,对分类计数取对数建模检验变量关联,82,是,否,回归分析,4
60,DCA决策曲线,评估预测模型临床获益的决策分析方法,82,是,否,医学统计,4
61,空间权重矩阵构造,构造空间单元间关联权重矩阵,82,是,否,空间计量,5
62,全析因设计,检验全部因素组合及交互对响应的效应,82,是,否,试验设计,5
63,功效分析之线性回归,回归样本量与功效效应量求解,82,是,否,功效分析,5
64,相关分析（Pearson/Spearman/Kendall）,衡量变量间关联强度与方向并检验,81,是,否,相关分析,5
65,组内相关系数（ICC）,量化评分与测量的一致性信度,81,是,否,医学统计,5
66,GARCH模型,刻画波动聚集与条件异方差的模型,81,是,否,预测模型,5
67,空间杜宾模型（SDM）,含解释变量空间滞后的空间回归,81,是,否,空间计量,5
68,多层线性模型（HLM/混合效应模型）,面向嵌套分层数据的回归建模,80,是,否,回归分析,5
69,面板模型,个体与时间二维数据的回归建模,80,是,否,时间序列与计量经济,5
70,限制性立方样条（RCS）,平滑检验暴露与结局的非线性关系,80,是,否,医学统计,5
71,空间OLS回归,带空间自相关诊断的普通最小二乘回归,80,是,否,空间计量,5
72,独立样本T检验,比较两组独立数据均值差异是否显著,79,是,否,差异比较,5
73,曲线回归,拟合并优选非线性关系曲线,79,是,否,回归分析,5
74,相关系数Meta分析,加权合并多项研究的相关系数,79,是,否,Meta分析,5
75,拉丁方设计,行、列双区组正交控制干扰并检验处理效应,79,是,否,试验设计,5
76,VIKOR法,多准则折中排序综合评价,78,是,否,综合评价,6
77,层次分析法（AHP）,多准则两两比较定权重排序,78,是,否,综合评价,6
78,NPS净推荐值分析,净推荐值NPS计算与分组比较,77,是,否,问卷研究,6
79,偏相关分析,控制干扰变量的净相关检验,77,是,否,相关分析,6
80,Heckman两阶段模型,校正样本选择偏差的两阶段回归,77,是,否,回归分析,6
81,稳健回归（RANSAC/M估计）,抗离群点干扰的稳健回归拟合,77,是,否,回归分析,6
82,描述性统计,用指标与图表刻画数据分布特征,77,是,否,描述性统计,6
83,基线分析,描述分组起点特征并检验组间均衡性,77,是,否,医学统计,6
84,分层回归,分步纳入变量检验增量解释力,75,是,否,回归分析,6
85,单样本T检验,检验单组均值是否等于已知参照值,75,是,否,差异比较,6
86,异质性检验,判断研究间效应差异是否超出抽样误差,75,是,否,时间序列与计量经济,6
87,CRITIC权重法,以对比强度与冲突计算客观权重,74,是,否,综合评价,6
88,差分进化算法,基于种群的随机全局优化算法,74,是,否,规划求解,6
89,加速寿命试验（ALT）,高应力加速失效，外推正常应力寿命,74,是,否,质量控制,6
90,模糊综合评价,用隶属度对多因素对象综合定级打分,73,是,否,综合评价,6
91,中介效应（含平行/链式中介）,检验X经中介变量M影响Y的机制路径,73,是,否,问卷研究,7
92,功效系数法,以满意值与不允许值为基准加权求综合分,73,是,否,综合评价,7
93,二分类数据Meta分析,合并二分类结局效应量与异质性,73,是,否,Meta分析,7
94,DBSCAN密度聚类,按密度自动发现任意形状簇并识别噪声点,72,是,否,聚类与降维,7
95,Poisson回归,面向计数因变量的广义线性回归,72,是,否,回归分析,7
96,倾向得分匹配（PSM）,消除选择偏差，评估处理效应,72,是,否,时间序列与计量经济,7
97,Dagum基尼系数,度量不平等并分解组间组内贡献,71,是,否,时间序列与计量经济,7
98,动态面板模型,基于工具变量法估计动态面板效应,71,是,否,时间序列与计量经济,7
99,Box-Behnken设计（BBD）,三水平响应面试验设计与寻优,71,是,否,试验设计,7
100,逻辑回归（Logistic）,二分类结局的回归建模与风险预测方法,70,是,否,回归分析,7
101,随机前沿分析（SFA）,测算单元随机前沿技术效率,70,是,否,时间序列与计量经济,7
102,最好最差法（BWM）,由最优与最劣准则比较求权重,70,是,否,综合评价,7
103,寿命表分析,分区间计算生存概率与中位生存时间,69,是,否,医学统计,7
104,"灰色预测GM(1,1)",小样本时间序列的灰色预测与外推,69,是,否,预测模型,7
105,空间滞后误差模型（SAC）,兼含空间滞后与误差自相关的联合模型,69,是,否,空间计量,7
106,联合分析（含CBC）,分解属性偏好并预测选择份额的问卷方法,68,是,否,问卷研究,8
107,Xbar-R控制图（均值-极差图）,监控过程均值与波动是否受控,68,是,否,质量控制,8
108,匈牙利算法,多项式时间求最小成本的一对一指派,68,是,否,规划求解,8
109,因子分析（探索性）,探索观测变量背后的潜在公共因子结构,67,是,否,聚类与降维,8
110,障碍度模型,诊断制约系统提升的关键障碍因素,67,是,否,综合评价,8
111,社会网络关系图（共词矩阵）,基于关键词共现构建社会网络关系图,67,是,否,文本分析,8
112,一般倒方差Meta分析,按方差倒数加权合并多研究效应量,67,是,否,Meta分析,8
113,TOPSIS法,多指标贴近理想解的排序评价法,66,是,否,综合评价,8
114,随机森林,多棵决策树投票集成，稳健抗过拟合,66,是,否,机器学习,8
115,门槛回归,检验并估计解释变量的门槛效应,66,是,否,时间序列与计量经济,8
116,表上作业法（运输问题）,运输问题最小总运费求解,66,是,否,规划求解,8
117,条件逻辑回归,配对分层数据的条件逻辑回归,65,是,否,医学统计,8
118,季节性ARIMA（SARIMA）,捕捉趋势与季节周期的预测模型,65,是,否,预测模型,8
119,空间面板模型,刻画空间单元相互依赖的面板回归方法,65,是,否,空间计量,8
120,配对样本T检验,检验配对数据均值差是否显著,64,是,否,差异比较,8
121,Turf组合模型,选组合使去重触达人数最大,64,是,否,问卷研究,9
122,决策树,基于树形规则的分类与回归预测方法,64,是,否,机器学习,9
123,Ridit分析,用参照组基准比较有序等级优劣,64,是,否,医学统计,9
124,德尔菲法（Delphi）,多轮匿名专家咨询凝聚群体共识,64,是,否,综合评价,9
125,价格敏感度分析（PSM）,四问累积曲线确定可接受价格,63,是,否,问卷研究,9
126,马尔可夫预测,用状态转移概率预测未来状态分布,63,是,否,预测模型,9
127,XGBoost,高效的梯度提升树集成学习算法,63,是,否,机器学习,9
128,泰尔指数,测度收入与区域差异的熵指数,63,是,否,时间序列与计量经济,9
129,部分析因设计,以部分组合筛选关键因子,63,是,否,试验设计,9
130,品牌价格抵补模型（BPTO）,权衡测算品牌价值与价格弹性,63,是,否,问卷研究,9
131,配对样本Wilcoxon符号秩检验,配对样本差值中位数的非参数检验,62,是,否,差异比较,9
132,验证性因子分析（CFA）,检验预设因子结构与数据的拟合程度,62,是,否,问卷研究,9
133,关联规则（Apriori）,逐层剪枝挖掘频繁项集与强关联规则,62,是,否,机器学习,9
134,正交实验设计（田口设计）,用正交表安排试验，以极差与方差优选组合,62,是,否,试验设计,9
135,Z检验（均值/比率）,基于正态分布的均值与比率假设检验,61,是,否,差异比较,9
136,Cochran's Q 检验,多组配对二分类数据的比例差异检验,61,是,否,相关分析,10
137,自相关/偏自相关分析（ACF/PACF）,量化序列自相关结构并辅助定阶,61,是,否,时间序列与计量经济,10
138,蚁群算法（ACO）,模拟蚁群觅食寻优的启发式智能算法,61,是,否,规划求解,10
139,Plackett-Burman设计,两水平筛选设计，用最少试验找出关键因子,61,是,否,试验设计,10
140,Moran指数（空间自相关）,检验空间单元属性值是否聚集,60,是,否,空间计量,10
141,价格断裂点模型,价格-需求曲线断裂点与最优定价分析,59,是,否,问卷研究,10
142,PLS偏最小二乘回归,多因变量高维共线数据的回归,59,是,否,回归分析,10
143,冗余分析（RDA）,约束排序揭示解释变量对多元响应的驱动,59,是,否,聚类与降维,10
144,功效分析之相关性,估算相关检验所需样本量与功效,59,是,否,功效分析,10
145,I-MR控制图（单值-移动极差图）,用单值与移动极差监控过程稳定性,58,是,否,质量控制,10
146,灰色关联分析,量化序列与参考序列的关联强度,57,是,否,综合评价,10
147,Mann-Kendall趋势检验,检验时间序列是否存在单调趋势,57,是,否,时间序列与计量经济,10
148,量具R&R分析（重复性与再现性）,评估测量系统重复性与再现性,57,是,否,质量控制,10
149,Friedman检验,多个相关样本的非参数差异检验,56,是,否,差异比较,10
150,典型相关分析,揭示两组变量间的整体相关结构,56,是,否,相关分析,10
151,Kaplan-Meier生存曲线,估计生存概率的非参数方法,55,是,否,医学统计,11
152,分支定界法,枚举分支并用上下界剪枝的精确求解法,55,是,否,规划求解,11
153,判别分析（LDA）,用线性判别函数对样本分类预测,54,是,否,聚类与降维,11
154,LightGBM,高效梯度提升树，支持分类与回归,53,是,否,机器学习,11
155,分层卡方（CMH检验）,分层控制混杂，检验分组与结局关联,53,是,否,医学统计,11
156,聚类分析（K-Means）,K均值聚类，按距离划分相似样本组,52,是,否,聚类与降维,11
157,泊松分布检验,检验计数数据是否符合泊松分布,52,是,否,描述性统计,11
158,频谱分析,将信号分解为频率成分并识别主周期,52,是,否,时间序列与计量经济,11
159,频数分析,统计各类别频数与占比，刻画分布结构,51,是,否,描述性统计,11
160,Tobit回归,校正删失偏误的受限因变量回归,51,是,否,回归分析,11
161,多维尺度分析（MDS）,用距离结构还原对象低维空间布局,51,是,否,聚类与降维,11
162,独立性权系数法,以指标信息重复度倒数为客观权重,51,是,否,综合评价,11
163,AdaBoost自适应提升,迭代加权集成弱学习器提升分类精度,51,是,否,机器学习,11
164,OR值和RR值（效应量指标）,评估二分类结局的关联强度与方向,51,是,否,医学统计,11
165,极端随机树（ExtraTrees）,树集成分类回归预测,51,是,否,机器学习,11
166,多重响应交叉分析,统计多选项频次响应率并做交叉卡方检验,51,是,否,问卷研究,12
167,多元方差分析（MANOVA）,同时检验多个因变量的组间均值差异,50,是,否,差异比较,12
168,似不相关回归（SUR）,多方程误差相关时的联合回归,50,是,否,时间序列与计量经济,12
169,分层聚类,按相似度逐层合并样本形成聚类树,49,是,否,聚类与降维,12
170,误差修正模型（ECM）,刻画短期波动向长期均衡的修正机制,49,是,否,时间序列与计量经济,12
171,解释结构模型（ISM）,布尔可达分解要素层级结构,49,是,否,综合评价,12
172,单因素与多因素回归,先逐个回归筛选，再联合多因素分析,49,是,否,医学统计,12
173,单个率Meta分析,合并多个研究的发生率并检验异质性,49,是,否,Meta分析,12
174,功效分析之率差,估计两率差异检验所需样本量或功效,49,是,否,功效分析,12
175,岭回归,L2正则缓解共线性的回归,48,是,否,回归分析,12
176,互相关性分析,量化两序列跨滞后的相关方向与强度,48,是,否,相关分析,12
177,Mood中位数检验,非参数比较多组中位数差异的检验,47,是,否,差异比较,12
178,耦合协调度模型,测算系统间耦合与协调水平,47,是,否,综合评价,12
179,信号滤波,抑制噪声保留有效信号的预处理方法,47,是,否,时间序列与计量经济,12
180,NRI和IDI指标,评估新增变量对预测模型的改善,47,是,否,医学统计,12
181,Kappa一致性检验,评估评分者或测量结果间一致性,47,是,否,医学统计,13
182,TF-IDF分析,用词频与逆文档频率提炼文本关键词,46,是,否,文本分析,13
183,指数平滑,按指数衰减权重平滑时序并外推预测,46,是,否,预测模型,13
184,词云图（词频可视化）,用字号大小直观展示文本词频分布。,46,是,否,文本分析,13
185,量具线性与偏倚研究,评估量具偏倚随量程的线性趋势,46,是,否,质量控制,13
186,响应面分析,拟合响应曲面并定位最优因素组合,45,是,否,试验设计,13
187,模拟退火算法,模拟物理退火的全局优化启发式算法,45,是,否,规划求解,13
188,负二项回归,建模过离散计数数据的回归方法,44,是,否,回归分析,13
189,ROC曲线（诊断评价）,评价诊断区分度的曲线方法,44,是,否,医学统计,13
190,零膨胀泊松回归,处理过量零计数的泊松回归,43,是,否,回归分析,13
191,配对卡方（McNemar检验）,配对二分类结局差异检验,43,是,否,医学统计,13
192,文本聚类分析,对文本自动分组并提炼主题,43,是,否,文本分析,13
193,空间杜宾误差模型（SDEM）,解释变量与误差均含空间依赖的回归模型,43,是,否,空间计量,13
194,协方差分析,控制协变量后比较组间均值,42,是,否,差异比较,13
195,Malmquist指数,跨期全要素生产率变化DEA指数,42,是,否,综合评价,13
196,重复测量方差分析,检验同一对象多时点测量均值差异,42,是,否,医学统计,14
197,Xbar-S控制图（均值-标准差图）,成对监控过程均值与标准差的控制图,41,是,否,质量控制,14
198,游程检验,检验序列随机性的非参数检验,40,是,否,差异比较,14
199,方差分析（单因素/多因素）,多组均值差异的统计检验方法,40,是,否,差异比较,14
200,广义估计方程（GEE）,面向纵向聚类数据的边际回归模型,40,是,否,回归分析,14
201,事后多重比较,显著后定位差异来源的组对比较,40,是,否,差异比较,14
202,基尼系数,衡量数值分布不平均程度的统计指标,40,是,否,时间序列与计量经济,14
203,分组回归,按组拆分样本回归并比较组间差异,40,是,否,时间序列与计量经济,14
204,连续性数据Meta分析,合并连续性结局多项研究的效应量,40,是,否,Meta分析,14
205,独立样本Mann-Whitney U检验,两独立样本秩和差异的非参数检验,39,是,否,差异比较,14
206,数据包络分析（DEA）,多投入多产出单元相对效率评估,39,是,否,综合评价,14
207,广义线性模型（GLM）,扩展线性回归至非正态分布响应,38,是,否,回归分析,14
208,格兰杰因果检验,检验历史值能否提升对另一序列的预测,38,是,否,时间序列与计量经济,14
209,朴素贝叶斯,基于贝叶斯定理与特征独立假设的分类算法,38,是,否,机器学习,14
210,自变量空间滞后模型（SLX）,考察自变量空间溢出的截面回归模型,38,是,否,空间计量,14
211,空间滞后模型（SLM/SAR）,用邻居因变量空间滞后刻画溢出效应,37,是,否,空间计量,15
212,协整检验,检验非平稳序列间是否存在长期均衡关系,36,是,否,时间序列与计量经济,15
213,VAR向量自回归,多变量时间序列联动回归分析,35,是,否,时间序列与计量经济,15
214,公差区间,以指定置信度覆盖指定总体比例的区间,35,是,否,质量控制,15
215,禁忌搜索算法,带记忆与藐视准则的邻域搜索元启发式优化,35,是,否,规划求解,15
216,路径分析,检验可观测变量间的直接影响与间接影响,34,是,否,问卷研究,15
217,KANO模型,正反向成对问卷判功能属性,34,是,否,问卷研究,15
218,综合指数,多指标同向标准化后加权合成排序,33,是,否,综合评价,15
219,两阶段最小二乘（TSLS/2SLS）,工具变量两阶段回归消除内生偏误,33,是,否,时间序列与计量经济,15
220,分类汇总,按分类字段分组汇总数值指标并输出统计表,32,是,否,描述性统计,15
221,ARIMA模型,单变量时间序列建模与预测的经典方法,32,是,是,预测模型,15
222,P值合并,汇总多项研究P值得出整体显著性结论,32,是,否,Meta分析,15
223,DEMATEL,分析因素间影响关系与关键性,32,是,否,综合评价,15
224,竞争风险模型,多终点并存随访数据的事件风险分析,32,是,否,医学统计,15
225,CatBoost（梯度提升树）,原生处理类别特征的梯度提升算法,31,是,否,机器学习,15
226,多期DID,交错多期面板双重差分因果估计,31,是,否,时间序列与计量经济,16
227,功效分析之方差,计算方差分析所需样本量、功效与效应量,31,是,否,功效分析,16
228,等价性检验,验证两组差异落在预设等价界内,30,是,否,差异比较,16
229,过程能力分析,评估过程满足规格要求的能力,30,是,否,质量控制,16
230,熵权TOPSIS,熵权客观定权结合TOPSIS的综合评价,29,是,否,综合评价,16
231,LDA主题分析,从文本中自动挖掘潜在主题,29,是,否,文本分析,16
232,方差分解,分解组间与组内变异来源,28,是,否,时间序列与计量经济,16
233,断点回归（RDD）,借断点拟随机识别因果处理效应,28,是,否,时间序列与计量经济,16
234,逐步回归,按显著性逐步筛选自变量建立回归,27,是,否,回归分析,16
235,单样本Wilcoxon符号秩检验,不依赖正态假设的样本中位数检验,27,是,否,差异比较,16
236,零膨胀负二项回归,处理零值过多计数数据的双部回归,27,是,否,回归分析,16
237,共同方法偏差检验（Harman）,用首因子解释率筛查共同方法偏差,27,是,否,问卷研究,16
238,卡方拟合优度检验,检验观测频数是否符合理论分布,27,是,否,医学统计,16
239,线性回归（最小二乘法）,最小二乘估计因变量与自变量的线性关系,26,是,否,回归分析,16
240,内容效度,专家评议量化量表条目内容覆盖程度,26,是,否,问卷研究,16
241,Kendall协调系数（W）,多评分者排序一致性检验,26,是,否,相关分析,17
242,剂量反应分析（LD50）,拟合剂量反应曲线估计半数致死量,25,是,否,医学统计,17
243,Lasso回归,L1惩罚稀疏正则化回归,24,是,否,回归分析,17
244,秩和比法（RSR）,编秩加权综合评价对象优劣,24,是,否,综合评价,17
245,OR/HR值Meta分析,合并OR/HR效应并评估异质性,24,是,否,Meta分析,17
246,差分分析,差分消除趋势使序列平稳,23,是,否,时间序列与计量经济,17
247,K近邻（KNN）,依据最近K个邻居决策的预测算法,23,是,否,机器学习,17
248,GMM估计,利用矩条件进行参数估计,22,是,否,时间序列与计量经济,17
249,新词发现,综合词频、凝固度与左右熵发现新词,22,是,否,文本分析,17
250,内点法,沿可行域内部逼近最优的规划求解法,22,是,否,规划求解,17
251,中心复合设计（CCD）,少样本二阶响应面设计，兼顾寻优与建模,20,是,否,试验设计,17
252,调节作用（调节效应）分析,检验调节变量如何改变因果关系,0,是,否,问卷研究,17
253,调节中介作用（有调节的中介）,中介效应是否随调节变量改变,0,是,否,问卷研究,17
