序号,算法名称,所属分类,所在页码,参数量,参数列表,数据条数,CSV文件名,背景描述字数,报告字数,表格数,图片数,输出文件列表,案例URL
1,组内评分者信度（rwg）,问卷研究,1,8,分组字段=自动识别; 负值处理=保留负值并提示; 缺失值处理=剔除缺失评分行; 零分布方差=离散均匀自动计算; 量表最大取值=5; 量表最小取值=1; 一致性判定阈值=0.70; 组内最少评分人数=3,150,store_service_ratings.csv,354,2546,2,4,figure_02_group_item_heatmap.png; figure_03_item_mean_rwg.png; figure_01_group_rwg.png; figure_04_rwg_histogram.png,https://dabbit-ai.com/algorithm-cases/36862709ceea41898887a49cba0eb378
2,二阶聚类（两步聚类）,聚类与降维,1,12,fixed k=; standardize=; max clusters=; min join ratio=; exclude columns=请选择; pre cluster max=; silhouette max n=; missing threshold=; continuous columns=年消费金额 + 3; categorical columns=性别 + 3; selection criterion=auto; stability resamples=,150,gym_member_profiles.csv,423,1943,4,3,cluster_profile_heatmap.png; cluster_scatter.png; cluster_count_selection.png,https://dabbit-ai.com/algorithm-cases/69bb585871454aa59f575c8944a5e2eb
3,SBM模型,综合评价,1,9,投入指标=从业人员(人) + 1; 期望产出=工业总产值(万元); 求解容差=; 零值处理=严格报错; 决策单元标识=决策单元; 效率判定阈值=; 规模报酬假定=VRS; 非期望产出处理=弱可处置; 非期望产出指标=二氧化碳排放量(吨),150,manufacturing_green_efficiency.csv,281,1437,1,3,projection_targets.png; slack_heatmap.png; efficiency_ranking.png,https://dabbit-ai.com/algorithm-cases/526435f51c7041a8b4dcf73457916d34
4,森林图,医学统计,1,10,ci level=; decimals=; field map=请选择; label width=; min studies=; i2 threshold=; effect measure=md; pooling method=auto; heterogeneity p=; zero cell correction=,150,meta_studies.csv,392,13192,2,2,forest_plot.png; funnel_plot.png,https://dabbit-ai.com/algorithm-cases/691b46c0547a49a8989899748b13d4ac
5,方差齐性检验,差异比较,1,3,alpha=; layout=auto; method=auto,150,filling_lines_netcontent.csv,297,1684,3,3,fig_group_boxplot.png; fig_deviation_boxplot.png; fig_group_scale.png,https://dabbit-ai.com/algorithm-cases/4785c9aa30044696bb4e665de75f48eb
6,分位数回归,回归分析,1,11,"vcov=robust; alpha=; p tol=; kernel=epa; max iter=; y column=listing_price_wan; bandwidth=hsheather; quantiles=0.10,0.25,0.50,0.75,0.90; x columns=area_sqm + 2; fit intercept=; vif threshold=",150,resale_listing_prices.csv,331,2019,2,2,quantile_scatter_fit.png; quantile_coefficients.png,https://dabbit-ai.com/algorithm-cases/88302a46af2b4fb5b4ab00b381318ec1
7,基准回归,时间序列与计量经济,1,10,VIF阈值=10; 因变量=月均销售额; 常数项=包含; 控制变量=门店面积 + 3; 聚类变量=不聚类; 变量标准化=不标准化; 异常值缩尾=不缩尾; 显著性水平=0.05; 稳健标准误=HC1; 核心解释变量=数字化营销投入,150,retail_store_operations.csv,251,1744,2,3,figure_residual_diagnostics.png; figure_vif_bar.png; figure_focal_coefficients.png,https://dabbit-ai.com/algorithm-cases/7ba3860af5054d93a2ae6cc71745066e
8,Z-MR控制图（标准值-移动极差图）,质量控制,1,5,mu=未设置; sigma=未设置; mr step=; nelson rules=1; measurement column=未设置,150,z_mr_example_data.csv,286,1450,3,2,mr_histogram.png; z_mr_chart.png,https://dabbit-ai.com/algorithm-cases/621f0f72095b4f30ad3fc67f4ebace6d
9,参数分布分析（可靠性分析）,质量控制,1,8,b level=0.10; gof alpha=0.05; time unit=小时; distribution=auto; eval quantile=0.50; confidence level=0.95; censor event value=1; bootstrap replicates=999,150,water_pump_lifetime.csv,466,2000,2,3,hazard_curve.png; probability_plot.png; reliability_curve.png,https://dabbit-ai.com/algorithm-cases/314b1e6e72c64cfcb08ca305b1e4d097
10,正态性检验,描述性统计,1,4,alpha=; group=无分组; method=auto; variables=auto,150,fill_volume_qc.csv,263,1133,2,2,qq_fill_ml.png; hist_fill_ml.png,https://dabbit-ai.com/algorithm-cases/2dec86840b3b4ae48af434dec4a51184
11,平均值Meta分析,Meta分析,1,5,alpha=0.05（默认显著性水准；常用范围0.01–0.10）; model=auto（默认：按Q检验P值与I²自动选择效应模型）; method tau2=DL（默认：DerSimonian-Laird矩法）; effect measure=MD（默认：均数差，结局量纲一致时使用）; better direction=high_is_better（默认：结局数值越大越优，正值有利）,150,chf_six_minute_walk_studies.csv,387,18606,2,3,influence_plot.png; forest_plot.png; funnel_plot.png,https://dabbit-ai.com/algorithm-cases/a4fe230a84f94269bae9621cd9e69eb0
12,割平面法,规划求解,1,5,目标方向=max; 过程输出详略=割平面迭代与最终结果; 最优性交叉校验=关闭; 割平面行选择规则=最大分数部优先; 最大割平面迭代次数=100,150,production_plan_model.csv,314,948,3,2,cut_plane_convergence.png; solution_compare.png,https://dabbit-ai.com/algorithm-cases/a4d3933c41cc46c78de8dad4e82ef750
13,熵值法,综合评价,1,9,平移量=; 小数位数=; 得分量纲=百分制换算; 指标方向=坪效：正向；损耗率：负向；毛利率：正向；会员复购率：正向；库存周转率：正向；顾客投诉率：负向; 排序输出=降序排名; 缺失处理=整行删除; 对象标识列=门店编号; 方向化方式=最大值平移; 常量指标处理=权重记零并保留,150,retail_store_entropy.csv,318,3202,2,2,entropy_weights.png; composite_scores.png,https://dabbit-ai.com/algorithm-cases/ff5a20333ea142719bd7cb594e8fc1eb
14,共线性分析（VIF诊断）,回归分析,1,8,method=vif+condition+correlation; handling=stepwise_remove; exclude columns=挂牌编号 + 2; feature columns=建筑面积 + 7; missing strategy=listwise; include intercept=include; vif threshold high=10; vif threshold warn=5,150,residential_listing_vif.csv,516,1489,4,3,unit1_removal_path.png; unit1_vif_bar.png; unit1_corr_heatmap.png,https://dabbit-ai.com/algorithm-cases/f1b0b2ac4e1c48ffb22bcb6bd3f7c693
15,GBDT梯度提升树,机器学习,2,12,task=classification; max depth=; subsample=; max features=未设置; n estimators=; learning rate=; target column=is_churn; feature columns=age + 9; min samples leaf=; n iter no change=未设置; min samples split=; validation fraction=,150,telecom_customer_churn.csv,384,1305,1,4,gbdt_feature_importance.png; gbdt_confusion_matrix.png; gbdt_roc_curve.png; gbdt_error_curve.png,https://dabbit-ai.com/algorithm-cases/c72607bb3ebd4196b9c97f063c8c8eb0
16,Kruskal-Wallis检验（多样本秩和）,差异比较,2,9,alpha=; effect size=epsilon2; group column=分拨中心; value column=单件分拣耗时(秒); wide columns=请选择; min group size=; missing values=drop; n permutations=; multiple comparison=bonferroni,150,sorting_time_by_center.csv,343,1430,2,3,fig_group_boxplot.png; fig_pairwise_pvalues.png; fig_rank_ci.png,https://dabbit-ai.com/algorithm-cases/57d1102287ac4497923ea70c0af67317
17,Deming回归,回归分析,2,7,"se method=jackknife; n bootstrap=1000; lambda ratio=1.0; decision levels=40,100; min sample size=10; confidence level=0.95; allowable bias pct=不设置",150,alt_method_comparison.csv,387,1954,2,2,figure_residual_diagnostics.png; figure_scatter_fit.png,https://dabbit-ai.com/algorithm-cases/22b785ea8e724e4ead7f678f5674b10e
18,对应分析,问卷研究,2,9,alpha=; col var=常购商品部类; row var=会员等级; data layout=raw_columns; min expected=; coordinate type=principal; dimension count=auto; label font size=; show all labels=,150,member_tier_purchase.csv,308,2081,3,3,symmetric_map.png; contribution_bars.png; inertia_scree.png,https://dabbit-ai.com/algorithm-cases/778ceed1a79047a7b36bfc2883fb4cf6
19,U控制图（单位缺陷数图）,质量控制,2,11,alpha=0.01（默认，从严控制误报）; group col=批次号; lcl floor=截断为0（默认，缺陷率非负）; units col=检验台数; runs rules=标准组合（默认，含超限、3点中2点、5点中4点、8点同侧与趋势判异）; defects col=漆面缺陷数; min subgroups=20; sigma multiplier=3（默认，3σ 控制限）; trend run length=8; dispersion correction=自动（默认，过离散且σ̂_z>1时启用Laney修正）; poisson dispersion test=开启,150,paint_defect_u_chart.csv,504,1995,2,2,z_zone_chart.png; u_control_chart.png,https://dabbit-ai.com/algorithm-cases/2605d588ebea42a395219152e40d33f2
20,Probit回归,回归分析,2,8,自变量列=除因变量外的全部数值列; 共线性检查=开启且VIF上限10; 因变量名称=default; 显著性水平=0.05; 样本量下限=30; 分类概率阈值=0.5; 分类自变量列=自动识别文本列并哑变量化; 边际效应方式=平均边际效应overall,150,consumer_loan_defaults.csv,319,2286,3,3,probit_coefficient_forest.png; probit_roc_curve.png; probit_probability_distribution.png,https://dabbit-ai.com/algorithm-cases/06d6669531174f11ae9a26ad16a65886
21,结构方程模型（SEM）,问卷研究,2,11,model spec=structural：工作投入 ~ 组织支持感 + 职业成长、离职意向 ~ 工作投入；measurement：工作投入：we1、we2、we3；离职意向：ti1、ti2、ti3；职业成长：cg1、cg2、cg3、cg4；组织支持感：os1、os2、os3、os4; fit standard=常规（默认：χ²/df≤3、CFI≥0.90、RMSEA≤0.08、SRMR≤0.08；常用范围即常规/严格/宽松三档）; max iterations=600（默认；常用范围 100–2000）; missing handling=成列删除（listwise，默认）; estimation method=极大似然（ML，默认；连续指标）; n starting points=2（默认；常用范围 1–5）; significance level=0.05（默认；常用范围 0.01–0.10）; convergence tolerance=1e-9（默认；常用范围 1e-6–1e-12）; reliability threshold=0.7（默认；常用范围 0.6–0.8）; sample size requirement=200（默认；常用范围 100–500）; factor loading threshold=0.5（默认；常用范围 0.4–0.7）,150,sem_employee_engagement.csv,793,2018,4,3,sem_loading_barplot.png; sem_path_diagram.png; sem_correlation_heatmap.png,https://dabbit-ai.com/algorithm-cases/0826e7ea66584ce3b31bd830974a143a
22,Cox回归（比例风险回归）,医学统计,2,10,robust=False; strata=无; l1 ratio=0; event col=event; penalizer=0.0; cluster col=无; weights col=无; duration col=followup_time; n baseline knots=4; baseline estimation method=breslow,150,chf_followup_survival.csv,343,1982,2,3,fig_survival_profiles.png; fig_schoenfeld.png; fig_hr_forest.png,https://dabbit-ai.com/algorithm-cases/65bb564b8ff24d97beccf80fcfd3087e
23,信度分析,问卷研究,2,7,信度指标=Cronbach's α、折半信度、组合信度 CR 全算; Bootstrap次数=1000; 缺失值处理=成对删除; α可接受阈值=0.7; 删除题项诊断=开启; 题总相关下限=0.3; 删除提升阈值(Δα)=0.02,150,customer_service_satisfaction_scale.csv,297,1569,2,2,figure_alpha_if_deleted_u0_b0.png; figure_corr_heatmap_u0_b0.png,https://dabbit-ai.com/algorithm-cases/923d610a96ce40759a007ca2bd70e08a
24,非线性回归,回归分析,2,9,loss=linear; maxfev=; x column=ad_spend_wan; y column=new_customers; start mode=auto; bounds mode=auto; grid points=; function form=saturation; confidence level=,150,marketing_spend_new_customers.csv,365,1363,1,2,02_residual_diagnostics.png; 01_fitted_curve.png,https://dabbit-ai.com/algorithm-cases/f0d2bc72731344818bff4a41cdf9d422
25,属性一致性分析,质量控制,2,9,类别尺度=名义; 评估层级=全部（总体、各评价人、分类别，默认）; 随机种子=42（默认；常用范围1–9999）; 一致性指标=一致率与Kappa; 缺失值处理=剔除判定缺失记录; Kappa不确定性=Bootstrap95%CI（默认；常用范围500–5000次重抽样）; Kappa加权方式=无加权; 参考基准来源=自动判断（默认；有标准列用标准，无标准列用样本众数）; Bootstrap重复次数=1000（默认；常用范围500–5000）,150,casting_appearance_judgements.csv,397,2234,4,3,figure2_confusion_heatmap.png; figure1_rater_agreement.png; figure3_pairwise_kappa.png,https://dabbit-ai.com/algorithm-cases/62701ffaab6f41d29220fd9bdcab85ef
26,卡方检验,差异比较,2,13,alpha=; pairwise=bonferroni; test type=independence; 效应量=Cramér's V; col column=支付方式; row column=门店业态; effect size=cramers_v; low expected=自动; 检验类型=独立性检验; 连续性校正=不校正; 显著性水平α=; 事后两两比较=Bonferroni校正; 期望频数不足处理=自动：小表用Fisher、大表保守结论,150,retail_payment_choice.csv,389,1116,2,2,adjusted_residuals_heatmap.png; percent_stacked_bars.png,https://dabbit-ai.com/algorithm-cases/409dfdf741314408bf1140db018cfcfe
27,变异系数法（信息量权重法）,综合评价,2,8,decimals=4; id column=auto，按常见标识名自动识别; indicators=auto，全部数值指标; figure pack=完整图组（默认：权重+信息量+得分排名）; weight formula=变异系数口径（默认：标准差/均值）; missing strategy=均值填补; negative transform=倒数变换（默认，要求取值>0）; negative indicators=无，全部视为正向,150,store_operation_performance.csv,434,3686,2,3,cvw_ranking_01.png; cvw_weights_01.png; cvw_information_01.png,https://dabbit-ai.com/algorithm-cases/ae72951ad92c42c785c550c12380e641
28,Bland-Altman一致性分析,医学统计,2,8,差值变换方式=原始差值; 比例偏倚诊断=开启; 界限计算方式=自动选择; 重复测量处理=单次测量（默认，重复ID仅提示）; 样本量警示下限=; 正态性检验阈值=; 临床可接受界限±a=不预设（默认，仅报告LoA供对照）; 一致性界限置信水平=95%,150,blood_glucose_paired.csv,334,1214,1,2,bland_altman_plot.png; difference_histogram.png,https://dabbit-ai.com/algorithm-cases/78b80234c5e44764ad803acfa0508f06
29,支持向量机（SVM/SVR）,机器学习,2,12,coef0=; degree=; C候选=0.1 + 2; epsilon=; cv折数=; max iter=; gamma候选=0.01 + 2; class weight=未设置; 任务类型=分类（SVC）; 目标字段=是否流失; 核函数候选=linear + 1; 测试集比例=,150,telecom_churn_data.csv,303,1309,2,3,svm_decision_boundary.png; svm_confusion_matrix.png; svm_cv_heatmap.png,https://dabbit-ai.com/algorithm-cases/cf34e284eeab4195871c46b561b6151a
30,均匀设计,试验设计,3,9,响应列=收率(%); 优化方向=最大化响应; 因素个数=; 试验次数=; 运行模式=建模寻优; 响应列识别=显式指定列名; 二次模型形式=主效应加平方项; 取值映射方式=区间等分中点; 因素水平模式=等于试验次数,150,uniform_design_process_trials.csv,415,1651,1,3,response_model_fit.png; uniform_design_diagnostics.png; uniform_design_projection.png,https://dabbit-ai.com/algorithm-cases/d53b16328a154ccbacc3a3be38a27d76
31,数据探索（数据质量体检）,描述性统计,3,7,IQR倍数=1.5; 随机种子=2024; Z分数阈值=3; 异常值方法=IQR法; 全行重复检查=是; 缺失率告警阈值=0.30; 标识字段唯一性检查=是,150,member_orders_2024q3.csv,244,1579,3,2,missing_rate.png; quality_metrics.png,https://dabbit-ai.com/algorithm-cases/44b3a46859dc4f02a30cab4cf0a42080
32,牛顿法（拟牛顿法）,规划求解,3,9,model=exponential（指数模型 y=a·e^(b·x)；默认）; method=auto（自适应：牛顿优先、失稳自动切拟牛顿；默认）; x column=time_h; y column=conc; tolerance=; weight column=未设置; max iterations=; hessian lambda0=; initial strategy=heuristic（对数线性/单调性启发初值；默认）,150,drug_conc_profile.csv,426,1290,2,3,fig2_path.png; fig1_convergence.png; fig3_fit.png,https://dabbit-ai.com/algorithm-cases/baad41c2164d408b94868dc2418c928c
33,功效分析之均值差,功效分析,3,9,mu0=0; alpha=0.05; power=0.80; ratio=1.00; test type=两独立样本; alternative=双侧; effect size=数据估计优先; n per group=按目标求解; solve target=样本量,150,service_score_pilot.csv,352,1807,5,3,power_sample_size_curve.png; pilot_overview.png; power_vs_n_curves.png,https://dabbit-ai.com/algorithm-cases/b54fd086ff554444ad604a461903fbff
34,主成分分析（PCA）,聚类与降维,3,10,tol=; center=; whiten=; svd solver=auto; random seed=; select mode=cumulative; standardize=; n components=未设置; max components=; variance threshold=,150,store_metrics.csv,269,1125,1,2,pca_variance_explained.png; pca_loadings.png,https://dabbit-ai.com/algorithm-cases/6a790b43cda64327a92d4a99439cba35
35,模糊层次分析法,综合评价,3,8,去模糊化方法=centroid; 权重计算方法=geometric_mean; 模糊标度上限=9; 一致性检验阈值=0.10; 一致性超标处理=warn; 敏感性扰动幅度=0.05; 敏感性重复次数=200; 专家判断聚合方式=geometric,150,fuzzy_ahp_supplier_selection.csv,260,1900,3,3,fig_weights.png; fig_alternatives.png; fig_sensitivity.png,https://dabbit-ai.com/algorithm-cases/bd1726fb81c344b8b397c3a16ca2817b
36,项目分析（区分度分析）,问卷研究,3,10,cr alpha=; score type=likert; group ratio=; cr threshold=; reverse items=q6 + 2; corr threshold=; min group size=; correlation type=auto; total score column=未设置; corrected correlation=,150,store_employee_engagement_pretest.csv,364,2857,1,2,figure_discrimination_01.png; figure_total_distribution.png,https://dabbit-ai.com/algorithm-cases/94309b28550945d2aa984be0c9c8f7f4
37,校准曲线,医学统计,3,9,n bins=; ci level=; strategy=quantile; hl groups=; pos label=; label column=major_complication; smooth method=none; bootstrap reps=; probability column=pred_prob,150,surgical_complication_validation.csv,433,1460,1,2,calibration_curve.png; probability_distribution.png,https://dabbit-ai.com/algorithm-cases/c7e53e3c9ee448cc94c52f7579fe8ad2
38,空间误差模型（SEM）,空间计量,3,13,alpha=; knn k=; y column=均价; id column=片区; intercept=; x columns=距市中心 + 3; weight mode=knn; weight value=binary; coord x column=coord_x; coord y column=coord_y; row standardize=; spatial structure=coordinates; moran permutations=,150,district_secondhand_housing.csv,436,1727,1,3,fig_coefficient_ols_sem.png; fig_residual_map.png; fig_moran_diagnosis.png,https://dabbit-ai.com/algorithm-cases/017d698a993242eca724835e2f276630
39,个体分布标识,描述性统计,3,6,分析变量=自动选择; 随机种子=42; 候选分布集=常用六种; 显著性水平=0.05; 拟合优度检验=Anderson-Darling; 蒙特卡洛抽样次数=199,150,pump_failure_hours.csv,293,1250,1,3,probability_plot.png; gof_ranking.png; density_overlay.png,https://dabbit-ai.com/algorithm-cases/31194f2808954e0db74c250d11391f0c
40,RFM客户价值模型,综合评价,3,6,权重方案=等权; 评分等级数=; 分析窗口天数=; 参考日期口径=数据最近日期; 重点客群占比=; 高低分界方式=中位数,150,member_orders.csv,276,1617,1,3,rfm_type_distribution.png; rfm_pareto_curve.png; rfm_rf_scatter.png,https://dabbit-ai.com/algorithm-cases/0d8335afb40945398dd3a0b97347fa92
41,神经网络（BP/MLP）,机器学习,3,10,"alpha=; solver=sgd; max iter=; activation=relu; batch size=auto; random state=; learning rate=adaptive; early stopping=; hidden layer sizes=(30, 30); learning rate init=",150,rental_price.csv,366,1273,1,3,fig1_loss_curve.png; fig3_feature_importance.png; fig2_fit_scatter.png,https://dabbit-ai.com/algorithm-cases/d3501d413d574885a178b2e9e30fe290
42,梯度下降法,规划求解,3,11,学习率=0.01; 动量系数=0.9; 批量大小=全量; 损失函数=自动识别; 收敛容差=1e-6; 特征字段=建筑面积（㎡） + 4; 目标字段=挂牌总价（万元）; 迭代次数=2000; 优化器变体=标准梯度下降; 正则化强度=0; 特征标准化=是,150,housing_price.csv,278,1368,2,4,coefficient_comparison.png; loss_curve.png; fit_scatter.png; gradient_norm.png,https://dabbit-ai.com/algorithm-cases/bb041c149eee4ba793f3917050271dcb
43,效度分析,问卷研究,3,13,kmo min=; rotation=varimax; n factors=auto; dimensions=工作投入：投入1、投入2、投入3、投入4、投入5；离职意愿：意愿1、意愿2、意愿3、意愿4、意愿5；职业认同：认同1、认同2、认同3、认同4、认同5; min loading=; random seed=; bartlett alpha=; missing method=drop; communality min=; loading gap min=; extraction method=principal_axis; cross loading limit=; variance explained min=,150,scale_data.csv,497,1864,4,3,communality_bar.png; factor_scree.png; loading_heatmap.png,https://dabbit-ai.com/algorithm-cases/0c90757cbbc4482a840a8cb086ac1c2f
44,ADF单位根检验,时间序列与计量经济,3,7,回归形式=默认：含常数项（regression='c'）; 对数变换=默认：否; 显著性水平=默认：0.05; 缺失值处理=默认：线性插值; KPSS交叉验证=默认：否; 滞后阶数选择=默认：AIC自动（autolag='AIC'）; 是否检验一阶差分=默认：是,150,dairy_sales_monthly.csv,387,1356,2,2,adf_critical.png; adf_level_diff.png,https://dabbit-ai.com/algorithm-cases/79b2b2d116854f0f97108f28117a2e6c
45,双重差分（DID）,时间序列与计量经济,4,16,协变量=traffic_index; 个体标识=unit; 估计方法=双向固定效应回归; 政策时间=; 时间变量=year; 结果变量=sales; 聚类变量=unit; 聚类方式=个体层面聚类; 处理组标识=treat; 显著性水平=0.05; 极端值处理=不缩尾; 缺失值处理=完整个案分析; 平行趋势检验=事件研究联合F检验; 控制变量策略=不加入控制变量; 事件研究参考期=政策前一期; 安慰剂检验次数=100次,150,store_panel.csv,398,1684,2,3,did_forest.png; did_event_study.png; did_trends.png,https://dabbit-ai.com/algorithm-cases/0a63be1e312040a092c696e81bd81011
46,遗传算法,规划求解,4,13,penalty=; capacity=; generations=; value column=value; elitism count=; mutation rate=; weight column=weight; crossover prob=; population size=; repair strategy=repair; robustness runs=; tournament size=; group min per file=,150,candidate_projects.csv,311,1865,0,3,ga_selection.png; ga_fitness_distribution.png; ga_convergence.png,https://dabbit-ai.com/algorithm-cases/da4ac8c75ecb44f3b3ec81782682302e
47,动态规划（背包资源分配）,规划求解,4,5,容量取值=自动提取给定容量; 背包类型=0-1背包; 缺失值处理=剔除缺失行; 价值并列处理=按价值密度优先; 成本取整单位=1（默认，不取整）,150,candidate_projects.csv,240,1555,2,3,fig_01_capacity_sensitivity.png; fig_03_candidate_scatter.png; fig_02_selection_plan.png,https://dabbit-ai.com/algorithm-cases/012abfc24b5d4e03a9eacdf2eb3a7929
48,数据概览,描述性统计,4,7,概览深度=标准; 异常值检测倍数=1.5; 缺失率告警阈值=0.2; 高基数分类阈值=50; 分类展示最多类别数=5; 标识字段唯一率阈值=0.95; 缺失热图展示行数上限=100,150,store_weekly_sales.csv,357,2004,6,4,overview_numeric_hist.png; overview_correlation.png; overview_missing_rate.png; overview_missing_heatmap.png,https://dabbit-ai.com/algorithm-cases/d4a53b2dc24848c6883d575eba4e916f
49,文本情感分析,文本分析,4,10,mode=auto; analyzer=char_wb; cv folds=5; test size=0.2; classifier=logistic; random seed=42; text column=auto; class weight=balanced; label column=auto; max features=5000,150,fastfood_reviews.csv,261,1094,2,4,fig1_sentiment_distribution.png; fig2_confusion_heatmap.png; fig4_sentiment_roc.png; fig3_sentiment_evidence.png,https://dabbit-ai.com/algorithm-cases/7a6d17046e474967bfb18d4ed6f3bd8b
50,词频统计,文本分析,4,8,top n=; text field=auto; group field=auto; min doc freq=; remove numbers=; stopword scope=chinese_and_english; tokenizer mode=auto; min word length=,150,feedback_records.csv,295,1650,3,3,figure_coverage_curve.png; figure_group_compare.png; figure_top_words.png,https://dabbit-ai.com/algorithm-cases/960af3b59dcc4b2c98a071fba9286288
51,亚组分析,医学统计,4,15,alpha=; min cell=; p adjust=none; time var=未设置; event var=未设置; covariates=请选择; outcome var=ldl_change; random seed=; forest order=natural; outcome type=continuous; subgroup var=age_group; effect report=auto; treatment var=treat; treatment level=未设置; interaction test=auto,150,lipid_lowering_subgroup.csv,454,906,1,2,subgroup_forest.png; interaction_plot.png,https://dabbit-ai.com/algorithm-cases/31aa65b958714c1f93bb09bef094c3d1
52,列联（交叉）分析,描述性统计,4,10,列变量=续订意向; 行变量=会员等级; 检验方法=自动选择; 效应量指标=Cramér's V; 显著性水平=0.05; 缺失值处理=删除配对缺失; 表格百分比=行列百分比同报; 连续性校正=自动; 调整残差展示=调整后标准化残差; 期望频数诊断阈值=5,150,member_renewal_survey.csv,303,1909,3,2,contingency_residual_heatmap.png; contingency_colpercent_stacked.png,https://dabbit-ai.com/algorithm-cases/34aaead90d584a3989f93ae300d7efdd
53,帕累托图,质量控制,4,8,ABC分级=是; ABC阈值=80/95; 尾部合并=是; 汇总方式=求和; 累计判定线=0.80; 尾部合并阈值=2%; 显示类别上限=全部; 柱上数值标签=显示,150,quality_loss_detail.csv,215,1184,1,2,pareto_chart.png; contribution_curve.png,https://dabbit-ai.com/algorithm-cases/936218d40f634249baddc109d6492d92
54,C控制图（缺陷数图）,质量控制,4,9,sigma=3; id column=auto; unit column=auto; count column=auto; poisson alpha=0.05; revise limits=false; same side run=7; randomness alpha=0.05; dispersion correction=false,150,pcb_soldering_defect_counts.csv,339,1238,2,2,c_control_chart.png; poisson_fit_diagnostic.png,https://dabbit-ai.com/algorithm-cases/6cc24b303e0c49e8b95ff9286ba96e38
55,MaxDiff最大差异度量,问卷研究,4,9,alpha=; hb burnin=; group column=城市; hb iterations=; hb proposal sd=; min respondents=; estimation method=auto; min item exposures=; match rate threshold=,150,maxdiff_laptop_attributes.csv,283,2088,2,3,maxdiff_score_ranking.png; maxdiff_group_scores.png; maxdiff_choice_rates.png,https://dabbit-ai.com/algorithm-cases/3b2dc2cdef3a4ad79ff9111a71eca7e2
56,粒子群优化算法,规划求解,4,10,粒子数量=; 惯性权重w=线性递减0.9→0.4; 社会系数c2=; 认知系数c1=; 最大迭代次数=; 独立运行次数=; 目标改进容差=; 边界处理策略=反射; 停滞容忍迭代数=; 速度上限比例vmax=,150,damped_vibration_monitoring.csv,293,1538,2,3,pso_fitted_curve.png; pso_runs_stability.png; pso_convergence.png,https://dabbit-ai.com/algorithm-cases/e592d75209b64c34a592aa726c82435c
57,功效分析之广义模型,功效分析,4,11,alpha=; n sim=; power=; sides=two; solve=n; effect=; family=binomial; allocation=; dispersion=; validate mc=; data columns=group：group；outcome：outcome,150,glm_pilot_data.csv,349,1420,5,2,power_curve.png; alpha_sensitivity.png,https://dabbit-ai.com/algorithm-cases/4726e88755784f43a74d06ce6fd5354d
58,对数线性模型,回归分析,4,7,ci level=; max order=; variables=auto; freq column=未设置; alpha remove=; max variables=; empty cell adjustment=,150,member_promotion_analysis.csv,287,1477,2,3,coefficient_forest.png; observed_vs_fitted.png; deviance_residuals.png,https://dabbit-ai.com/algorithm-cases/62b9f1fc51dc4810b35a73e4fee3697b
59,DCA决策曲线,医学统计,4,9,outcome=outcome; smoothing=loess; n thresholds=; threshold max=; threshold min=; smoothing frac=; report threshold=auto; probability columns=综合模型（多指标）：prob_model_full；简化模型（常规指标）：prob_model_simple; 标准化净获益展示=不显示,150,dca_screening_data.csv,440,995,1,2,nb_difference.png; dca_curve.png,https://dabbit-ai.com/algorithm-cases/9d4a6fab57854e76aabbcf2d4a769a74
60,空间权重矩阵构造,空间计量,5,7,近邻数K=4; 权重类型=反距离; 距离度量=欧氏距离; 标准化方式=行标准化; 经济距离列=auto; 距离衰减幂=1; 距离阈值分位=0.9,150,store_units.csv,253,888,0,3,spatial_link_network.png; weight_matrix_heatmap.png; neighbor_count_histogram.png,https://dabbit-ai.com/algorithm-cases/b7a93868d7e94c779cefac5f4e22ac68
61,全析因设计,试验设计,5,10,alpha=; anova type=III; factor columns=烧成温度 + 1; model strategy=full_model; response column=抗折强度; response direction=larger_better; response transform=none; missing combo policy=fail; multiple comparisons=tukey_hsd; max interaction order=all,150,full_factorial_firing_data.csv,434,4733,3,3,factorial_main_effects.png; factorial_interactions.png; factorial_residual_diagnostics.png,https://dabbit-ai.com/algorithm-cases/c5581460e2ca4505ab73dfd6d588f774
62,功效分析之线性回归,功效分析,5,12,alpha=0.05; r2 full=0.13; effect f2=0.15; num tested=1; r2 reduced=0.00; sample size=100; effect input=data_observed; power target=0.80; analysis mode=sample_size; target column=revisit_intent; num predictors=4; predictor columns=service_quality + 3,150,repurchase_pilot.csv,454,1655,1,3,power_curve.png; f_distribution.png; n_by_effect.png,https://dabbit-ai.com/algorithm-cases/b59af7ee5c8c416e832061bc460a691b
63,相关分析（Pearson/Spearman/Kendall）,相关分析,5,6,alpha=0.05; method=auto; ci level=0.95; n bootstrap=2000; normality test=shapiro; missing handling=pairwise,150,retail_store_monthly.csv,341,1087,2,2,correlation_ci_forest.png; correlation_scatter.png,https://dabbit-ai.com/algorithm-cases/2f3bbac2e25041aaa2b4b48d09746846
64,组内相关系数（ICC）,医学统计,5,7,模型类型=two-way random 双因素随机; 测量单位=单次测量 single; 缺失处理=删除含缺失对象; 置信水平=0.95; 随机种子=2024; 检验界值r0=0; 一致性类型=绝对一致 agreement,150,lung_nodule_measurement.csv,254,1903,1,3,icc_profiles.png; icc_subject_spread.png; icc_forest.png,https://dabbit-ai.com/algorithm-cases/118a0fd7aede47e184cd95dcd3e3394c
65,GARCH模型,预测模型,5,13,p=; q=; dist=normal; unit=百分比（1 表示 1%）; horizon=; max obs=未设置; arch lags=; mean model=constant; var levels=95 + 1; date column=date; value column=return_pct; order selection=off; selection criterion=bic,150,index_daily_returns.csv,354,1843,2,3,volatility_clustering.png; acf_diagnostics.png; volatility_forecast.png,https://dabbit-ai.com/algorithm-cases/1004372c747d4b778ce19612ebc5ef8a
66,空间杜宾模型（SDM）,空间计量,5,13,alpha=; n sim=; y col=创新产出; id col=region_id; method=ml; x cols=研发投入强度 + 2; lat col=lat; lon col=lon; wx cols=全部解释变量; weight k=; weight type=knn; row standardize=; weight matrix file=未设置,150,regional_innovation_data.csv,388,2635,3,3,figure_moran_scatter.png; figure_effects.png; figure_coefficient_forest.png,https://dabbit-ai.com/algorithm-cases/27edc925d4bd41158e6076674c28b9b8
67,多层线性模型（HLM/混合效应模型）,回归分析,5,10,reml=True（默认，REML 估计方差分量）; maxiter=100; centering=none（默认，不中心化）; group field=hospital_id; do lrt random=True（默认，似然比检验随机截距必要性）; fixed effects=patient_age + 4; icc threshold=0.05; outcome field=satisfaction; random effects=random_intercept（默认，仅随机截距）; significance level=0.05,150,hospital_satisfaction.csv,445,2115,1,3,fig_qq.png; fig_random_intercepts.png; fig_forest.png,https://dabbit-ai.com/algorithm-cases/77c0cda9acf74470a5062c6b497e1918
68,面板模型,时间序列与计量经济,5,10,y col=年销售额; x cols=客流强度 + 4; cov type=实体聚类稳健; time col=年份; entity col=门店编号; cluster time=否; model choice=自动诊断选择; time effects=自动判断; cluster entity=是; significance level=0.05,150,store_operation_panel.csv,336,1694,3,3,figure_model_selection.png; figure_coefficient_forest.png; figure_panel_trends.png,https://dabbit-ai.com/algorithm-cases/8d62916341fc49f7ac7932f2520eafe0
69,限制性立方样条（RCS）,医学统计,5,10,alpha=; fig dpi=; n knots=; knot type=quantile; reference=p10; robust se=; covariates=age + 1; outcome col=sbp; exposure col=sleep_hours; outcome type=auto,150,employee_sleep_sbp.csv,416,1384,2,2,rcs_knot_sensitivity.png; rcs_dose_response.png,https://dabbit-ai.com/algorithm-cases/451703b9a2d3415cae60e5ec5ebb3525
70,空间OLS回归,空间计量,5,11,k=; y=地均GDP(亿元/平方公里); coords=lon + 1; x cols=单位面积固定资产投资(亿元/平方公里) + 3; idw power=; region id=region_id; robust se=否; distance band=自动; weight method=knn; distance metric=haversine; row standardize=是,150,region_economy.csv,425,2041,2,3,fig_residual_map.png; fig_moran_scatter.png; fig_coef_forest.png,https://dabbit-ai.com/algorithm-cases/85c09f92038441c496793744adb646f0
71,独立样本T检验,差异比较,5,11,alpha=0.05; ci level=0.95; equal var=auto; group col=班组; value col=拣货效率(件/小时); alternative=two-sided; effect size=cohens_d; random seed=42; outlier report=iqr; normality check=shapiro; homogeneity check=levene,150,warehouse_picking_efficiency.csv,303,1223,2,3,mean_diff_ci.png; group_distribution.png; group_mean_ci.png,https://dabbit-ai.com/algorithm-cases/736271f43b374cf9a74afd9efae20bac
72,曲线回归,回归分析,5,5,残差诊断=开启; 置信水平=95%; 候选函数族=全部候选; 模型选择准则=AIC; 多项式最高次数=3次,150,promotion_investment_sales.csv,187,2131,3,3,figure_residuals.png; figure_curve_fit.png; figure_model_compare.png,https://dabbit-ai.com/algorithm-cases/52669ae2e05a4a6985cdf91e525eea0e
73,相关系数Meta分析,Meta分析,5,8,合并模型=随机效应; 置信水平=95; tau2估计量=DerSimonian-Laird; 最小研究数=2; 输入效应量=r; Knapp-Hartung校正=关闭; Egger发表偏倚检验=开启; 留一法敏感性分析=开启,150,correlation_meta_data.csv,292,6835,2,3,forest_plot.png; leave_one_out.png; funnel_plot.png,https://dabbit-ai.com/algorithm-cases/8b4c46b453a64c2ab67002ed88632425
74,拉丁方设计,试验设计,5,10,随机种子=固定种子42; 列区组字段=col_slot; 可加性检验=多重复时行×列交互检验; 因变量字段=adhesion_value; 显著性水平=0.05; 正态性检验=Shapiro-Wilk; 行区组字段=row_station; 处理因素字段=treatment_formula; 多重比较方法=Tukey HSD; 方差齐性检验=Levene 中位数,150,coating_adhesion_latin_square.csv,436,2046,2,3,treatment_means_ci.png; residual_diagnostics.png; latin_square_structure.png,https://dabbit-ai.com/algorithm-cases/5711d92d4e104f71a81fd7babd135e93
75,VIKOR法,综合评价,6,7,指标权重=等权重; 敏感性分析=不执行; 标准化方式=极差线性归一化; 缺失值处理=均值填补; 妥协条件裁决=严格按DQ判定; 指标方向处理=自动识别; 决策机制系数v=0.5,150,supplier_evaluation.csv,255,5914,1,2,vikor_sr_scatter.png; vikor_q_rank.png,https://dabbit-ai.com/algorithm-cases/afd954a096f543c88125f8ded8617acd
76,层次分析法（AHP）,综合评价,6,1,参数列表=一致性阈值CR：0.10；判断标度类型：1–9标度；报告小数位数：4位；最大矩阵阶数：9；权重计算方法：特征向量法；多专家综合方式：几何平均综合；一致性不通过处理：报错并要求修正判断,150,supplier_comparison.csv,273,1387,2,3,criterion_weights.png; pairwise_heatmap.png; alternative_scores.png,https://dabbit-ai.com/algorithm-cases/f6fc9adf1e9a40cca39aaff24ca7e335
77,NPS净推荐值分析,问卷研究,6,10,alpha=; ci method=bootstrap; scale max=; scale min=; group column=region; promoter min=; score column=auto; detractor max=; bootstrap samples=; comparison method=chi2,150,nps_restaurant_survey.csv,330,1507,1,2,nps_rating_distribution.png; nps_group_comparison.png,https://dabbit-ai.com/algorithm-cases/c93cc4873c694042b4b9ae570120a9ed
78,偏相关分析,相关分析,6,12,method=pearson; x column=客流量; y column=销售额; sig level=; alternative=two-sided; control mode=manual(按备注指定控制列); semi partial=; decimal digits=; control columns=营业面积 + 2; min sample size=; missing handling=listwise(整行删除); compare zero order=,150,store_weekly_operations.csv,523,1335,2,2,fig_correlation_compare.png; fig_residual_scatter.png,https://dabbit-ai.com/algorithm-cases/b6673c0f795a47399f61a972d4f82bb7
79,Heckman两阶段模型,回归分析,6,13,tol=; maxiter=; se mode=classic; outcome col=月薪对数; selection col=是否就业; vif diagnosis=; bootstrap reps=; missing y warning=; outcome regressors=受教育年限 + 1; significance level=; normality diagnosis=; selection regressors=受教育年限 + 3; exclusion restriction=幼年子女数 + 1,150,employment_wage_sample.csv,505,2334,3,3,heckman_coefficient_forest.png; heckman_residual_qq.png; heckman_imr_distribution.png,https://dabbit-ai.com/algorithm-cases/0a1cb34e23934910966c16a156a6c745
80,稳健回归（RANSAC/M估计）,回归分析,6,10,alpha=; method=auto; m estimator=HuberT; target column=total_price_wan; huber tuning c=; feature columns=area_m2 + 2; ransac max trials=; ransac min samples=未设置; outlier ratio threshold=; ransac residual threshold=未设置,150,house_deal_prices.csv,409,1993,2,2,actual_vs_pred_house_deal_prices_csv_文件.png; coefficient_forest_house_deal_prices_csv_文件.png,https://dabbit-ai.com/algorithm-cases/c6e9ea12a1cf413aa3e056faf279d937
81,描述性统计,描述性统计,6,10,分位点=四分位与P5P95; 分布形态=偏度与峰度; 分组变量=无; 变量范围=全部变量; 口径诊断=Shapiro与偏度; 小数位数=2; 离散程度=标准差与四分位距; 集中趋势=均值与中位数; 分类展示上限=50; 离群判定倍数=1.5,150,store_operation_metrics.csv,271,1310,1,4,fig_hist_日均销售额_万元.png; fig_box_重点门店.png; fig_hist_客单价_元.png; fig_bar_区域.png,https://dabbit-ai.com/algorithm-cases/b55e1977f6c0475b836d594d4b78fdc0
82,基线分析,医学统计,6,10,alpha=; p adjust=none; group col=group; effect size=true; exclude cols=participant_id; levene center=median; equal var mode=auto; normality test=shapiro; continuous cols=age + 4; categorical cols=sex + 2,150,baseline_weight_management.csv,421,2393,2,3,figure_pvalue_overview.png; figure_continuous_boxplots.png; figure_categorical_stacked.png,https://dabbit-ai.com/algorithm-cases/c1eb73f45f9e457fa67b39dc1fd8bdb8
83,分层回归,回归分析,6,6,alpha=; blocks=age、tenure、workload + 2; cov type=HC3; standardize=; dependent var=job_satisfaction; vif threshold=,150,employee_engagement_survey.csv,359,3026,2,2,hierarchical_coefficient_forest.png; hierarchical_r2_increment.png,https://dabbit-ai.com/algorithm-cases/b14783f653ec4e2bbb5823c25802920b
84,单样本T检验,差异比较,6,7,mu0=; alpha=; alternative=two-sided; value column=net_content_ml; outlier policy=inspect; normality check=auto; fallback wilcoxon=,150,fill_line_net_content.csv,279,1285,1,2,one_sample_mean_ci.png; one_sample_distribution.png,https://dabbit-ai.com/algorithm-cases/8ef3ac1ab1014457bcd6833a0d217cce
85,异质性检验,时间序列与计量经济,6,7,检验方式=both; 参考组设置=自动; 显著性水平=; 标准误类型=HC1; 多重比较校正=无; 组内最小样本量=; 是否输出组间成对比较=,150,store_regional_performance.csv,294,1707,3,2,heterogeneity_interaction_lines.png; heterogeneity_coef_forest.png,https://dabbit-ai.com/algorithm-cases/76d732de23504c969a69e3e2c84ca68f
86,CRITIC权重法,综合评价,6,8,对象列=自动识别（默认，取首个非数值列）; 小数位数=4位（默认，常用范围2–6位）; 异常值处理=不截尾; 得分归一化=线性0–100（默认，范围0–100）; 标准化方法=min-max; 缺失值处理=均值填充; 负向指标列=单位产值能耗(吨标煤/万元) + 1; 相关系数类型=Pearson,150,manufacturing_enterprises_performance.csv,383,4268,2,3,critic_correlation_heatmap.png; critic_weight_structure.png; critic_score_ranking.png,https://dabbit-ai.com/algorithm-cases/6c59c36c0bf74a398b344455d48270a3
87,差分进化算法,规划求解,6,12,tol=; seed=; n runs=; polish=; maxiter=; popsize=; mutation=0.5 + 1; strategy=best1bin; model family=rational; recombination=; target column=init_rate; feature columns=substrate_conc,150,enzyme_reaction_rates.csv,307,1829,3,3,de_fit.png; de_convergence.png; de_residuals.png,https://dabbit-ai.com/algorithm-cases/ceb1243d5d084f33b1d16dee33e9931a
88,加速寿命试验（ALT）,质量控制,6,10,time unit=小时; use stress=; stress unit=℃; distribution=weibull; stress model=arrhenius; confidence level=; percentile target=b10; temperature scale=celsius; min failures per level=; shape inconsistency action=warn,150,alt_capacitor_temperature.csv,431,1831,3,3,life_stress_extrapolation.png; probability_plot.png; reliability_curves.png,https://dabbit-ai.com/algorithm-cases/89d23f9ccae54804a6c123bdc531f080
89,模糊综合评价,综合评价,6,5,n grades=; operator=weighted; weight method=entropy; membership shape=triangle; indicator directions=1 + 4,150,restaurant_store_service_quality.csv,310,8399,2,2,figure_membership.png; figure_weights.png,https://dabbit-ai.com/algorithm-cases/81b8296ba478481aa1777e9b1e3e0ff5
90,中介效应（含平行/链式中介）,问卷研究,7,5,ci method=percentile; model type=parallel; random seed=; confidence level=; bootstrap samples=,150,employee_mediation.csv,317,2431,5,2,figure_bootstrap_ci.png; figure_path_diagram.png,https://dabbit-ai.com/algorithm-cases/63e82c02835d4ef19726c1f41da00b6f
91,功效系数法,综合评价,7,9,单位列=门店编号; 权重来源=等权重; 越界处理=截断; 逆向指标=商品损耗率（%） + 2; 结果小数位=; 功效系数范围=60–100; 满意值分位点=0.95; 不允许值分位点=0.05; 基准值确定方式=极值法,150,store_service_quality_efficacy.csv,299,5544,2,2,efficacy_coefficient_ranking.png; efficacy_coefficient_heatmap.png,https://dabbit-ai.com/algorithm-cases/c51879f324044d9c89fa9b2fcce494db
92,二分类数据Meta分析,Meta分析,7,9,效应量=OR; 亚组分析=自动识别分组列并分析; 合并模型=按异质性自动选择; 置信水平=0.95; 零事件校正=0.5连续性校正; Q检验显著性=0.10; 发表偏倚检验=Egger回归; 异质性高阈值=I²=50%; 随机效应估计=DL,150,binary_meta_studies.csv,296,14361,4,3,subgroup_forest.png; forest_plot.png; funnel_plot.png,https://dabbit-ai.com/algorithm-cases/a9b4451b9b074697a30f423b980759bc
93,DBSCAN密度聚类,聚类与降维,7,6,eps=; metric=euclidean; n jobs=; algorithm=auto; min samples=; standardize=,150,taxi_orders.csv,268,1154,1,3,dbscan_kdistance.png; dbscan_scatter.png; dbscan_cluster_profile.png,https://dabbit-ai.com/algorithm-cases/adea5f2c15764a7f84e61050806eb45b
94,Poisson回归,回归分析,7,9,因变量=事故次数; 暴露量=月行驶里程千公里; 自变量=平均车龄年 + 2; 置信水平=; 显著性水平=; 稳健标准误=普通; 过离散处理=自动; 分类变量编码=自动哑变量; 最大迭代次数=,150,bus_fleet_accident_counts.csv,348,1518,1,2,poisson_residual_diagnostics.png; poisson_irr_forest.png,https://dabbit-ai.com/algorithm-cases/ceefa5ee797045a1ac56a1b73c88999f
95,倾向得分匹配（PSM）,时间序列与计量经济,7,14,id col=id; caliper=; replace=; estimand=ATT; covariates=age + 4; n neighbors=; outcome col=monthly_salary; random seed=; outcome type=自动识别; treatment col=training; bootstrap reps=; common support=; matching method=最近邻匹配; balance threshold=,150,employee_training_psm.csv,562,1332,1,2,balance_love_plot.png; propensity_overlap.png,https://dabbit-ai.com/algorithm-cases/b6ecdb07b09245ad8e7044c257ac5725
96,Dagum基尼系数,时间序列与计量经济,7,7,分组列=group; 数值列=value; 时间列=无; 分组排序=组均值降序; 置信水平=95%; Bootstrap次数=200; 结果小数位=4,150,region_income.csv,259,1738,2,3,pairwise_affluence_heatmap.png; within_gini_groups.png; dagum_decomposition.png,https://dabbit-ai.com/algorithm-cases/d312bb28488d4eb9ab4f0e48426360a5
97,动态面板模型,时间序列与计量经济,7,13,"估计方法=two_step; 收敛容差=; 个体标识列=store_id; 因变量列名=sales; 时间标识列=year; 显著性水平=; 缺失值处理=strict; 内生变量列名=未设置; 前定变量列名=未设置; 动态滞后阶数=; 最大迭代次数=; 解释变量列名=traffic,promo; 工具变量最大深度=",150,store_panel_sales.csv,387,1467,2,2,dynamic_panel_diagnostics.png; dynamic_panel_coefficients.png,https://dabbit-ai.com/algorithm-cases/0878d2cdbc024d028a205d3f45ceeeda
98,Box-Behnken设计（BBD）,试验设计,7,5,alpha=; factor columns=加水量(%) + 2; simplify model=; response columns=比容(mL/g); optimize direction=auto,150,bbd_cake_specific_volume.csv,328,1851,1,2,bbd_response_surface.png; bbd_diagnostics.png,https://dabbit-ai.com/algorithm-cases/79e77059e41c4275963fbb0c3cbd5e74
99,逻辑回归（Logistic）,回归分析,7,12,事件类别=1; 参考类别=0; 置信水平=默认：0.95; 因变量字段=是否逾期; 因变量类型=默认：二分类结局; 显著性水平=默认：0.05; 稳健标准误=默认：不启用（普通MLE）; 分类变量编码=默认：哑变量（首类为参考）; 最大迭代次数=默认：100; 自变量字段列表=年龄 + 5; 连续变量预处理=默认：原值进入; 是否计算VIF共线性诊断=默认：是,150,credit_risk_records.csv,387,1692,1,3,fig2_odds_ratio.png; fig3_calibration.png; fig1_roc.png,https://dabbit-ai.com/algorithm-cases/55bf41ec1e2744d485316ce6bfc45e78
100,随机前沿分析（SFA）,时间序列与计量经济,7,10,tol=; maxiter=; y field=谷物产量(吨); n starts=; x fields=播种面积(公顷) + 2; optimizer=L-BFGS-B; time field=年份; firm id field=合作社编号; functional form=log_log; significance level=,150,grain_cooperative_sfa.csv,345,1831,3,4,frontier_fit_scatter.png; period_mean_te.png; tech_efficiency_distribution.png; unit_efficiency_ranking.png,https://dabbit-ai.com/algorithm-cases/1782161432c04bebb501c768ef9f4e79
101,最好最差法（BWM）,综合评价,7,7,decimals=; scale max=; aggregation=geometric; sensitivity=; best criterion=未设置; worst criterion=未设置; consistency threshold=,150,bwm_supplier_criteria.csv,356,3608,2,3,fig_consistency.png; fig_experts.png; fig_weights.png,https://dabbit-ai.com/algorithm-cases/8937766256ce44d085c72dc4ac72867f
102,寿命表分析,医学统计,7,6,ci level=; time field=无故障使用月数; group field=批次; status field=是否故障; interval width=; comparison test=logrank,150,equipment_no_failure_followup.csv,290,1795,4,3,life_table_hazard_curve.png; censoring_distribution.png; life_table_survival_curves.png,https://dabbit-ai.com/algorithm-cases/ed12c128bdd643ff97a8147f8e1d9fae
103,"灰色预测GM(1,1)",预测模型,7,6,n forecast=5; ratio test=on; shift value=auto; accept grade=二级合格; transform mode=auto; residual correction=off,150,delivery_orders_weekly.csv,353,4501,2,2,gm11_diagnostics.png; gm11_fit_forecast.png,https://dabbit-ai.com/algorithm-cases/f874e899814449e786d04c17c5b87ac5
104,空间滞后误差模型（SAC）,空间计量,7,9,"y field=挂牌均价; x fields=容积率,绿化率,距地铁距离; lat field=纬度; lon field=经度; neighbor k=; weight type=knn; row standardize=; distance threshold=auto; moran permutations=",150,housing_price_spatial.csv,341,1753,2,4,moran_scatter.png; spatial_map.png; residual_qq.png; coefficient_compare.png,https://dabbit-ai.com/algorithm-cases/d878a0597b344ae1b2b15e7c882704fe
105,Xbar-R控制图（均值-极差图）,质量控制,8,12,分析阶段=试运行建限：剔除特殊原因点后重算; 数据格式=long（子组标识字段+观测值字段）; 规格上限=50.20; 规格下限=49.80; σ估计方法=极差法（默认）：用平均极差估计; 观测值字段=外径测量值(mm); 判异检查对象=Xbar与R图同时检查; 同侧点数阈值=9; 子组标识字段=批次号; 趋势点数阈值=6; 试运行超限点剔除=是（剔除特殊原因点后重算，默认）; 子组大小不一致处理=按最小子组大小统一计算,150,bushing_od_spc_data.csv,428,1044,2,2,xbar_r_control_chart.png; subgroup_profile.png,https://dabbit-ai.com/algorithm-cases/bcec810339a54a83b4773efbc636f744
106,匈牙利算法,规划求解,8,4,max n=; solver=auto; objective=minimize; allow unbalanced=,150,delivery_assignment.csv,216,1071,1,2,assignment_heatmap.png; optimal_vs_greedy.png,https://dabbit-ai.com/algorithm-cases/0f7154edd953403694d1c06f94bac48c
107,因子分析（探索性）,聚类与降维,8,8,因子数目=特征值>1自动确定; 提取方法=主轴因子法PAF; 旋转方法=最大方差正交旋转varimax; 随机种子=; KMO最低阈值=; 平行分析次数=; 累积方差目标=; 载荷保留阈值=,150,restaurant_service_survey_items.csv,278,2478,3,4,loading_heatmap.png; correlation_heatmap.png; communality_bar.png; scree_plot.png,https://dabbit-ai.com/algorithm-cases/0f432f86c9384badbfe22a26c4bf2771
108,障碍度模型,综合评价,8,9,"cutoff=; figures=ranking; criterion=森林覆盖率(%)：生态宜居；城乡公交覆盖率(%)：设施联通；农产品加工转化率(%)：产业融合；农村自来水普及率(%)：设施联通；农村生活污水治理率(%)：生态宜居；行政村硬化路通达率(%)：设施联通；每千人医疗床位(张/千人)：公共服务；农村居民人均可支配收入(万元)：产业融合；义务教育优质均衡达标校占比(%)：公共服务；城乡居民基本养老保险参保率(%)：公共服务；单位GDP能耗(吨标准煤/万元,负向)：生态宜居；乡村旅游经营收入占第三产业比重(%)：产业融合; directions=请选择; weight method=entropy; entropy epsilon=; missing handling=mean; object id column=县域样本; indicator columns=农产品加工转化率(%) + 11",150,county_indicators.csv,666,1971,3,1,obstacle_ranking.png,https://dabbit-ai.com/algorithm-cases/3102892f22504de5aa48f5f7e502cad2
109,社会网络关系图（共词矩阵）,文本分析,8,9,"top n=; layout=spring; separator=[,;，；、/|\s]+; weight mode=共现次数; keyword field=关键词; min frequency=; min cooccurrence=; centrality metric=度中心性; community detection=是",150,smart_manufacturing_literature_keywords.csv,320,1830,4,3,centrality_ranking.png; co_word_network.png; co_occurrence_heatmap.png,https://dabbit-ai.com/algorithm-cases/4631ae1961254d02aa56acec8b9d0993
110,一般倒方差Meta分析,Meta分析,8,9,效应值列=effect; 效应模型=随机效应模型; 标准误列=se; 检验方向=双侧检验; 置信水平=95%; 小样本校正=不校正; 研究标签列=study; 异质性检验水准=0.10; 随机效应tau2估计法=DerSimonian-Laird,150,example_data.csv,354,10215,1,3,forest_plot.png; leave_one_out_plot.png; funnel_plot.png,https://dabbit-ai.com/algorithm-cases/56fc1dc0b5034392bc6dd9a0145f36cb
111,TOPSIS法,综合评价,8,10,top n=未设置; weights=equal; distance=euclidean; direction=单位成本(元/件)：-；售后响应周期(天)：-; random seed=; sensitivity=; perturbation=; normalization=vector; object column=供应商; indicator columns=质量合格率(%) + 5,150,supplier_annual_evaluation.csv,328,11109,3,4,topsis_distance_scatter.png; topsis_sensitivity.png; topsis_ranking.png; topsis_heatmap.png,https://dabbit-ai.com/algorithm-cases/96b66cfa67524ddd95998164a43de9f0
112,随机森林,机器学习,8,14,cv folds=; criterion=gini; max depth=未设置; task type=auto; test size=; random seed=; class weight=balanced; max features=sqrt; n estimators=; target column=是否流失; exclude columns=请选择; max cardinality=; min samples leaf=; min samples split=,150,customer_churn_data.csv,397,1057,1,2,feature_importance.png; roc_curve.png,https://dabbit-ai.com/algorithm-cases/0a4298d2e68b4edc8c3e2856ce8ef266
113,门槛回归,时间序列与计量经济,8,9,trim=; alpha=; covariates=promo_cost + 1; outcome var=monthly_sales; threshold var=foot_traffic; bootstrap reps=; bootstrap type=残差重抽; num thresholds=; confidence level=,150,store_operations.csv,382,1715,2,4,fig_threshold_search.png; fig_regime_scatter.png; fig_threshold_ci.png; fig_bootstrap_test.png,https://dabbit-ai.com/algorithm-cases/7853ae4df12d4554893645c090532339
114,联合分析（含CBC）,问卷研究,8,8,seed=; max iter=; optimizer=BFGS; analysis mode=cbc; coding scheme=effect; baseline level=first; exclude columns=请选择; price as linear=auto,150,smartphone_cbc_choice.csv,340,1746,3,3,conjoint_calibration.png; conjoint_partworth.png; conjoint_importance.png,https://dabbit-ai.com/algorithm-cases/5af7c38c3b064ecf84911d22a793bc96
115,表上作业法（运输问题）,规划求解,8,7,计算容差=1e-9; 禁运弧表示=inf或极大值表示禁运; 初始方案方法=伏格尔法; 最大迭代轮数=200; 结果小数位数=2; 产销不平衡处理=自动增设虚拟产地或销地; 独立最优性验证=启用独立求解器交叉验证,150,regional_retail_transport.csv,285,2557,3,3,transport_convergence.png; transport_allocation_heatmap.png; transport_balance.png,https://dabbit-ai.com/algorithm-cases/054db4345fb54ff7a9765299008658c8
116,条件逻辑回归,医学统计,8,8,max iter=200; fit method=BFGS; vif diagnosis=执行; linearity check=执行; confidence level=0.95; significance test=似然比检验; categorical encoding=哑变量编码并剔除参照类; remove matched constant=自动剔除层内恒定变量,150,matched_case_control_gdm.csv,465,2057,2,2,case_control_distribution.png; conditionallogistic_forest.png,https://dabbit-ai.com/algorithm-cases/f7ff208b4ee34df0acf4ec5120d2fd0e
117,季节性ARIMA（SARIMA）,预测模型,8,9,D=; P=; Q=; d=; m=; p=; q=; maxiter=; forecast horizon=,150,rail_passenger_monthly.csv,256,2020,3,2,sarima_residuals_0.png; sarima_forecast_0.png,https://dabbit-ai.com/algorithm-cases/fa8488409bf4450d8f058bd0751aabc6
118,空间面板模型,空间计量,8,9,effects=fixed; y column=gdp; x columns=rd + 1; model type=sar; k neighbors=; weight method=knn; row standardize=; distance threshold=auto; significance level=,150,city_spatial_panel.csv,503,1356,4,2,moran_scatter.png; spatial_effects.png,https://dabbit-ai.com/algorithm-cases/9711c3b1c2c84bfcbf06cc81b5ec213d
119,配对样本T检验,差异比较,8,10,alpha=; id column=默认：自动识别含id/编号语义的配对标识列; alternative=默认：two-sided（双侧检验，检验均值差是否为零）; effect size=默认：计算Cohen's dz并按效应大小分级解释; pair layout=默认：two_columns（宽表，一行一对、两列分别存前测与后测测量值）; time column=默认：自动识别时间/条件列（恰好两个水平）; time values=默认：自动按取值排序区分前后两水平; value columns=默认：自动识别两个连续数值测量列; normality test=默认：Shapiro-Wilk（n≤5000）; nonparametric fallback=默认：启用（差值显著非正态且样本量较小时，自动改用配对Wilcoxon符号秩检验作为稳健结果）,150,hotel_service_training_paired.csv,535,1335,2,4,paired_mean_diff_ci.png; paired_scatter.png; paired_diff_distribution.png; paired_diff_qq.png,https://dabbit-ai.com/algorithm-cases/bdff5f74b8f94c688353579f4d65f794
120,决策树,机器学习,9,13,cv folds=; splitter=best; ccp alpha=0.0（默认，不剪枝）; criterion=gini; max depth=None（默认，不限制）; task type=classification; test size=; class weight=None; max features=None（默认，全部）; random state=42; target column=是否延误; min samples leaf=1; min samples split=2,150,delivery_delay.csv,435,1530,4,3,feature_importance.png; confusion_matrix.png; tree_structure.png,https://dabbit-ai.com/algorithm-cases/13aee19821064a0ca8a868e94abed0f6
121,Ridit分析,医学统计,9,10,分组字段=挂号渠道; 等级字段=满意度; 等级方向=ascending_better（默认，等级越高越好）; 类别顺序=auto; 置信水平=0.95; 参考组取值=未设置; 参考组模式=largest_group; 显著性水平=0.05; 多重比较校正=bonferroni; 最小有效样本量=30,150,hospital_satisfaction.csv,356,2133,2,2,ridit_cumulative.png; ridit_forest.png,https://dabbit-ai.com/algorithm-cases/c945ff57c842470d8a4758c4a26052c0
122,德尔菲法（Delphi）,综合评价,9,10,alpha=; max rounds=; min experts=; cv threshold=; likert points=; mean threshold=; full score ratio=; kendall w target=; convergence delta=; authority threshold=,150,delphi_expert_scores.csv,440,2143,4,3,delphi_item_cv.png; delphi_item_scores.png; delphi_consensus_trend.png,https://dabbit-ai.com/algorithm-cases/f53129891e0a4cc8b122b9a21d5efec6
123,价格敏感度分析（PSM）,问卷研究,9,7,filter logic=true; interpolation=linear; bootstrap reps=0; question format=auto; min valid sample=30; bootstrap ci level=0.95; max illogical rate=0.5,150,psm_coldbrew_coffee_survey.csv,373,1278,2,2,psm_curves.png; psm_acceptance.png,https://dabbit-ai.com/algorithm-cases/70eb726424074f3c90ed10cb69ad152a
124,Turf组合模型,问卷研究,9,10,budget=未设置; method=auto; objective=reach_frequency; cost column=未设置; exact limit=; random seed=; exclude items=请选择; weight column=未设置; mandatory items=请选择; combination size=,150,tea_flavor_preference.csv,351,966,1,3,turf_combination_composition.png; turf_overlap_heatmap.png; turf_cumulative_reach.png,https://dabbit-ai.com/algorithm-cases/75f42cc3baa84a548b0db4d7959ba9bd
125,马尔可夫预测,预测模型,9,8,time column=未设置; state column=未设置; entity column=未设置; forecast horizon=; missing strategy=error; steady state tol=; markov test alpha=; initial distribution=last_state,150,equipment_status.csv,314,1728,2,3,forecast_trajectories.png; transition_matrix.png; steady_state_distribution.png,https://dabbit-ai.com/algorithm-cases/18eb38ea3838459fab891e02811da5a1
126,XGBoost,机器学习,9,14,cv folds=; max depth=; reg alpha=; subsample=; task type=classification; test size=; reg lambda=; n estimators=; learning rate=; target column=是否违约; colsample bytree=; min child weight=; scale pos weight=auto; early stopping rounds=,150,loan_credit_records.csv,409,1304,3,3,feature_importance.png; confusion_matrix.png; roc_curve.png,https://dabbit-ai.com/algorithm-cases/dfcf3dedbfad4c3d864fa2df5b3d4560
127,泰尔指数,时间序列与计量经济,9,8,分组列=所在城区; 指标列=月均经营净收入; 单位数列=按行计数; 小数位数=4; 指数变体=泰尔T指数（GE(1)，默认）; 数据形态=单位级明细（默认，每行一个单位）; 非正值处理=剔除非正值并提示; 自助置信区间次数=1000,150,city_district_shop_income.csv,269,1384,3,3,theil_group_distribution.png; theil_decomposition.png; theil_share_deviation.png,https://dabbit-ai.com/algorithm-cases/3796b080e92e454083c7be713973ad77
128,部分析因设计,试验设计,9,6,alpha=; model terms=main; factor columns=auto; max scan order=; response column=auto; significance method=lenth,150,fractional_factorial_crystallization.csv,422,1783,2,4,pareto_effects.png; residual_diagnostics.png; effects_normal_qq.png; main_effects.png,https://dabbit-ai.com/algorithm-cases/65bb7f40c9e64ebf835e6f00ba055a40
129,品牌价格抵补模型（BPTO）,问卷研究,9,9,价格字段=price; 参考品牌=auto; 品牌字段=brand; 选择字段=chosen; 显著性水平=0.05; 任务编号字段=task_id; 优化收敛容差=1e-6; 受访者编号字段=respondent_id; 弹性测算加价幅度=10%,150,bpto_choice_data.csv,290,1343,2,2,bpto_wtp_chart.png; bpto_share_curves.png,https://dabbit-ai.com/algorithm-cases/2ad5b2d8a40642b58a1e556a629f88eb
130,配对样本Wilcoxon符号秩检验,差异比较,9,8,method=auto; min pairs=; correction=; alternative=two-sided; effect size=r; zero method=wilcox; confidence level=; significance level=,150,paired_diameter_measurement.csv,356,1521,2,3,diff_distribution.png; median_ci.png; paired_scatter.png,https://dabbit-ai.com/algorithm-cases/839bdcdcc34a48658d3b6bb466a014a8
131,验证性因子分析（CFA）,问卷研究,9,7,max iter=; factor spec=关怀共情性：EMP1、EMP2、EMP3、EMP4；员工响应性：RES1、RES2、RES3、RES4；服务可靠性：REL1、REL2、REL3、REL4; standardize=; criteria level=常用; missing handling=listwise; loading criterion=; significance level=,150,service_quality_survey.csv,360,2196,4,3,fig2_residual_correlations.png; fig3_observed_vs_implied.png; fig1_standardized_loadings.png,https://dabbit-ai.com/algorithm-cases/21b453c2a7584fb998b3a0650ca784c1
132,关联规则（Apriori）,机器学习,9,10,metric=lift; max len=; item col=未设置; min lift=; max rules=; min support=; top itemsets=; item delimiter=未设置; min confidence=; transaction col=未设置,150,fastfood_baskets.csv,316,1964,2,3,figure_top_itemsets.png; figure_rule_network.png; figure_rules_scatter.png,https://dabbit-ai.com/algorithm-cases/ba672362e0864f3d9a20936ecc90d656
133,正交实验设计（田口设计）,试验设计,9,6,响应列=自动识别; 因素列=自动识别; 信噪比类型=望大特性; 显著性水平=0.05（默认，常用范围0.01～0.10）; 望目目标值=自动取整体均值; 优水平选择基准=信噪比优先,150,injection_molding_taguchi_L25_150.csv,268,3079,3,2,fig_contribution.png; fig_factor_effects.png,https://dabbit-ai.com/algorithm-cases/34e14aebdfc34a7eb454c38a05029d1c
134,Z检验（均值/比率）,差异比较,9,10,alpha=; test type=proportion_one_sample; correction=; null value=; alternative=two_sided; sigma known=; group column=未设置; value column=on_time; min sample size=; population sigma=未设置,150,east_city_parcel_tracking.csv,329,1145,2,2,ztest_distribution.png; ztest_estimate_ci.png,https://dabbit-ai.com/algorithm-cases/2657ac7dd062433ea211b29c8bd1df30
135,自相关/偏自相关分析（ACF/PACF）,时间序列与计量经济,10,8,"时间列(time column)=date; 显著性水平(alpha)=默认0.05; 缺失值处理(missing)=默认linear插值并评估缺口; 最大滞后阶数(max lags)=默认自动（min(n//3, 40)）; 季节周期(seasonal period)=默认自动检测（7/12/24等）; 分析序列列(series column)=默认自动（首个非时间数值列）; 差分阶数(differencing order)=默认自动（不平稳时差分至平稳，上限2）; 是否输出定阶建议(structure hint)=默认给出AR/MA/ARMA定阶提示",150,daily_store_sales.csv,496,2159,1,2,series_plot.png; acf_pacf.png,https://dabbit-ai.com/algorithm-cases/f5585828173e4ddcbafcb669607820bf
136,蚁群算法（ACO）,规划求解,10,8,beta=; alpha=; n ants=; q total=; elite weight=; n iterations=; evaporation rate=; stagnation tolerance=,150,delivery_stops.csv,278,2122,1,2,aco_convergence_p0.png; aco_tour_p0.png,https://dabbit-ai.com/algorithm-cases/6213358e5e874dfaae3078c1b51dc807
137,Plackett-Burman设计,试验设计,10,5,factor columns=反应温度(℃) + 7; response column=收率(%); outlier threshold=; significance rule=auto; significance level=,150,pb_yield_screening.csv,343,1962,1,3,pareto_effects.png; main_effects_plot.png; half_normal_plot.png,https://dabbit-ai.com/algorithm-cases/9c5a5d1ffeab48dc822f1a4da2a63af9
138,Moran指数（空间自相关）,空间计量,10,8,近邻数k=4; 变量列名=PM2_5年均浓度; 坐标类型=投影平面坐标; 行标准化=是; 随机种子=固定 42; 显著性水平=0.05; 权重构建方式=k近邻; 置换检验次数=999,150,city_pm25_grid.csv,234,1366,1,3,permutation_null.png; moran_scatter.png; value_bubble_map.png,https://dabbit-ai.com/algorithm-cases/d08c480d465c4958a8dc5cf1ad366191
139,价格断裂点模型,问卷研究,10,8,作答设计=独立组（默认；每位受访者只答一个价格档）; 单位成本=0（默认；未提供成本时按收益定价）; 定价目标=收益最大化; 需求测度=需求率（默认；阈值口径占比）; 显著性水平=0.05; 多重比较校正=BH（默认；控制错误发现率）; 购买意愿阈值=4（默认；1-5分制中≥4分视为愿意购买）; 最小需求突变幅度=0.10（默认；需求率下降≥10个百分点视为突变候选）,150,price_willingness_survey.csv,411,1686,3,3,price_demand_curve.png; intention_composition.png; demand_loss_bar.png,https://dabbit-ai.com/algorithm-cases/e7ed7aa37132473b89662eee4d87571c
140,PLS偏最小二乘回归,回归分析,10,9,tol=; scale=; cv folds=auto; max iter=; x columns=吸光度920nm + 29; y columns=水分含量 + 1; n components=auto; vip threshold=; missing strategy=median,150,grain_nir_samples.csv,442,1975,3,3,pls_cv_components.png; pls_prediction.png; pls_vip.png,https://dabbit-ai.com/algorithm-cases/c7f779aad9c541e28316ab6e8c0e468d
141,冗余分析（RDA）,聚类与降维,10,14,分组列=湖库类型; 随机种子=42（默认，常用范围 1–999999）; 响应变量列=蓝藻丰度 + 4; 排序图缩放=对称缩放（默认，兼顾样点与箭头）; 样点编号列=样点ID; 缺失值处理=按样本整行删除; 解释变量列=水温temp + 6; 显著性水平α=0.05（默认，常用范围 0.01–0.10）; 置换检验次数=999（默认，常用范围 99–9999）; 置换检验范围=全局检验; 响应变量标准化=不标准化（默认，各响应尺度相近时）; 解释变量标准化=不标准化; 共线性阈值（VIF）=10（默认，常用范围 5–20）; 分类解释变量处理=自动哑变量编码并去掉参照类,150,rda_lake_algae_data.csv,500,1810,2,3,rda_triplot.png; rda_eigenvalue_axes.png; rda_permutation_null.png,https://dabbit-ai.com/algorithm-cases/1409bbfe88f4473997637277f892ac1a
142,Cochran's Q 检验,相关分析,10,7,效应量=W=Q/[N(k-1)]; 缺失处理=整行删除; 置换检验=计算（默认，固定随机种子）; 置换次数=5000; 显著性水平=0.05; 事后两两比较=McNemar精确检验; 多重比较校正=bonferroni,150,safety_skill_assessment_wide.csv,250,1703,2,2,pairwise_differences.png; proportion_comparison.png,https://dabbit-ai.com/algorithm-cases/48beb4c4a00f49d69acd44584c6e1653
143,功效分析之相关性,功效分析,10,9,alpha=; power=; x column=training_hours; y column=satisfaction_score; solve for=sample_size; alternative=two-sided; effect size=; sample size=; correlation type=pearson,150,store_training_satisfaction.csv,364,1438,1,3,power_sample_size_curve.png; scatter_pairs.png; effect_required_curve.png,https://dabbit-ai.com/algorithm-cases/3b6f5daa7191446d980e25b71a99d28a
144,I-MR控制图（单值-移动极差图）,质量控制,10,6,value column=自动识别唯一数值列; judgment rules=仅超限判异; sigma estimator=移动极差法; moving range span=2; process capability=否，仅评估受控状态; min points estimate=20,150,batch_content_imr.csv,310,1526,2,2,mr_chart.png; i_chart.png,https://dabbit-ai.com/algorithm-cases/7cba58652e4148f58a80c1bcf466a42a
145,灰色关联分析,综合评价,10,6,参考列=日销售额(万元); 分辨系数=0.5; 指标方向=全部正向; 权重方式=等权平均; 参考序列构建=指定列为参考序列; 无量纲化方法=极差标准化,150,store_daily_operation.csv,271,10831,3,2,fig_degree_ranking.png; fig_rho_sensitivity.png,https://dabbit-ai.com/algorithm-cases/856ca632efe24a4db1ddfd05ee1ab84e
146,Mann-Kendall趋势检验,时间序列与计量经济,10,8,分组列=站点; 数值列=自动识别; 时间列=自动识别; 检验方向=双侧趋势; 缺失值处理=剔除缺失; 自相关修正=自动诊断; 连续性修正=使用; 显著性水平α=0.05,150,watershed_cod_monitoring.csv,338,1925,1,2,trend_series.png; cumulative_deviation.png,https://dabbit-ai.com/algorithm-cases/cf802e078ab6470390d53a54e1acbb8a
147,量具R&R分析（重复性与再现性）,质量控制,10,5,ndc取整=向下取整; 合并交互=否（默认，保留零件×操作员交互的完整交叉ANOVA）; 负方差处理=置零（默认，AIAG惯例）; 研究变差倍数=6（默认，99.73%过程变差）; 交互显著性水平=0.05,150,gauge_rr_shaft_od.csv,324,1554,1,3,gauge_rr_components.png; gauge_rr_interaction.png; gauge_rr_by_part.png,https://dabbit-ai.com/algorithm-cases/446ad8292df5475e9f06ec09e1607d3f
148,Friedman检验,差异比较,10,9,data format=wide; random seed=; value column=value; value columns=请选择; missing policy=fail; subject column=门店编号; condition column=condition; posthoc adjustment=bonferroni; significance level=,150,store_display_sales.csv,389,1715,2,3,fig2_mean_ranks.png; fig3_posthoc_pvalues.png; fig1_condition_distribution.png,https://dabbit-ai.com/algorithm-cases/730c2e6f3adb453a91c6978cac4ac720
149,典型相关分析,相关分析,10,7,"数据标准化=z-score标准化; x组变量字段=炉温 + 3; y组变量字段=抗拉强度 + 2; 载荷解释阈值=0.30; 显著性水平alpha=0.05; 保留典型对数量=全部min(p,q)对; 是否输出典型得分=不输出得分文件",150,heat_treatment_process_quality.csv,311,1793,3,3,figure_canonical_correlations.png; figure_score_scatter.png; figure_canonical_loadings.png,https://dabbit-ai.com/algorithm-cases/d43456e8304f461794a52d8d1d013fed
150,Kaplan-Meier生存曲线,医学统计,11,8,alpha=; event value=1; time column=随访月数; time points=auto; event column=事件状态; group column=治疗分组; logrank test=; risk warn min=,150,colorectal_followup.csv,315,1632,2,3,risk_sets.png; km_curves.png; median_survival_ci.png,https://dabbit-ai.com/algorithm-cases/6e4bd90a97654179996566401b049144
151,分支定界法,规划求解,11,6,capacity=; max nodes=; gap tolerance=; branch strategy=best_first; time limit seconds=; validate with milp=,150,freight_items.csv,266,1346,0,2,solution_0.png; convergence.png,https://dabbit-ai.com/algorithm-cases/57e6fc0f2ada49b98c07df3068304b45
152,判别分析（LDA）,聚类与降维,11,10,"solver=svd; n splits=5; shrinkage=0.0; box m alpha=0.05; priors mode=未设置; group column=信用等级; loo threshold=150; fallback method=lda_only; feature columns=资产负债率,流动比率,利息保障倍数,净资产收益率,销售增长率; validation method=leave_one_out",150,credit_rating_customers.csv,391,1208,3,3,confusion_matrix.png; discriminant_projection.png; accuracy_comparison.png,https://dabbit-ai.com/algorithm-cases/47a89bbb5c7249228b4e7cac05c73abf
153,LightGBM,机器学习,11,13,target=是否违约; cv folds=; max depth=; subsample=; task type=binary; num leaves=; drop columns=客户编号; n estimators=; learning rate=; colsample bytree=; min child samples=; categorical features=职业类型; early stopping rounds=,150,loan_default_risk.csv,411,1109,2,3,feature_importance.png; roc_curve.png; learning_curve.png,https://dabbit-ai.com/algorithm-cases/74e044bcc4f5471ea0c94cffb3bf4d74
154,分层卡方（CMH检验）,医学统计,11,7,alpha=; case label=未设置; weight col=未设置; outcome col=未设置; exposure col=未设置; stratum cols=未设置; treated label=未设置,150,cmh_erap_registry.csv,383,1506,1,2,cmh_forest_plot.png; stratum_event_rates.png,https://dabbit-ai.com/algorithm-cases/8c2bdf43935246d2905fa63aaca52ba7
155,聚类分析（K-Means）,聚类与降维,11,7,tol=; init=k-means++; n init=; max iter=; n clusters=auto; standardize=; random state=,150,member_consumption.csv,305,1731,3,3,cluster_profile_unit1.png; k_selection_unit1.png; cluster_scatter_unit1.png,https://dabbit-ai.com/algorithm-cases/6c55a19b1a1e4acf90a2851da3971d0f
156,泊松分布检验,描述性统计,11,4,检验方法=离差检验+卡方拟合优度; 显著性水平=0.05; 期望频数下限=5; 类别个数上限=自动,150,hotline_calls.csv,280,750,1,2,cumulative_comparison.png; observed_vs_expected.png,https://dabbit-ai.com/algorithm-cases/ed3b876744294affa3ff3ab76c96f7ce
157,频谱分析,时间序列与计量经济,11,10,"window=hann; detrend=constant 去均值; nperseg=自动 min(n,256); scaling=density; noverlap=nperseg×0.5; psd method=Welch 平均法; max frequency=自动 fs/2; min frequency=0（默认，频带下限）; sampling frequency=自动推断（默认，由时间列中位间隔换算）; peak prominence ratio=3.0（默认，相对背景中位数）",150,fan_vibration_signal.csv,361,1136,2,2,figure_psd.png; figure_signal.png,https://dabbit-ai.com/algorithm-cases/0051bcd7890047b998628c1398355bcb
158,频数分析,描述性统计,11,10,分析变量=满意度; 分组变量=购物频次; 图表类型=条形图+饼图; 排序方式=频数降序; 累计占比=显示; 百分比基数=有效样本; 分组结构对比=按分组变量输出组内占比; 拟合优度检验=不检验; 是否展示缺失=是; 类别过多预警阈值=12,150,retail_service_satisfaction.csv,270,1492,2,3,fig_grouped_1.png; fig_bar_1.png; fig_pie_1.png,https://dabbit-ai.com/algorithm-cases/e8f532bece434c89a14dd0efa62f53e7
159,Tobit回归,回归分析,11,11,tol=; alpha=; max iter=; y column=捐赠金额(元); optimizer=BFGS; robust se=; x columns=家庭年收入(万元) + 5; lower bound=; upper bound=未设置; vif threshold=; marginal effect=,150,household_donation_data.csv,392,2473,1,3,censor_distribution.png; coefficient_forest.png; fit_scatter.png,https://dabbit-ai.com/algorithm-cases/497a005ed5c84d4c9275bfd6cd60460a
160,多维尺度分析（MDS）,聚类与降维,11,8,eps=1e-3; metric=True; n init=8; max iter=300; standardize=True; n components=2; random state=42; dissimilarity=auto,150,coffee_store_perception.csv,333,1106,1,3,fig_mds_shepard.png; fig_mds_scree.png; fig_mds_configuration.png,https://dabbit-ai.com/algorithm-cases/675bed15ee4b44c0a930eeaebc638ea8
161,独立性权系数法,综合评价,11,5,standardize=minmax; missing strategy=raise; constant handling=raise; correlation method=pearson; independence measure=multiple_r,150,store_operation_metrics.csv,378,1315,1,3,01_correlation_heatmap.png; 02_weight_independence.png; 03_composite_ranking.png,https://dabbit-ai.com/algorithm-cases/91425e6c92334e3c932026d0fc3dcbd3
162,AdaBoost自适应提升,机器学习,11,7,cv folds=; estimator=决策树桩（max_depth=1）; n estimators=; random state=; learning rate=; target column=审批结果; imbalance mode=不处理,150,loan_approval.csv,393,1310,3,3,feature_importance.png; confusion_matrix.png; roc_curve.png,https://dabbit-ai.com/algorithm-cases/a967d84c76a74597a433e9c727eca549
163,OR值和RR值（效应量指标）,医学统计,11,7,效应指标=RR（相对危险度）; 置信水平=0.95; 零格修正=自动修正零格; 对照组取值=对照; 显著性水平=0.05; 组间差异检验=自动选择（默认）：期望频数不足时用Fisher，否则卡方; 输出补充指标=风险差AR,150,employee_health_followup.csv,282,876,2,2,effect_forest.png; event_rates.png,https://dabbit-ai.com/algorithm-cases/ccb07a0a0ec8442580e3ca4b29c64728
164,极端随机树（ExtraTrees）,机器学习,11,10,cv folds=; bootstrap=; max depth=未设置; task type=auto; class weight=未设置; max features=sqrt; n estimators=; random state=; min samples leaf=; min samples split=,150,telecom_customer_churn.csv,371,1391,2,3,extra_trees_feature_importance.png; extra_trees_confusion_matrix.png; extra_trees_roc_curve.png,https://dabbit-ai.com/algorithm-cases/d3b6d0417a254c96bca567d7f5c5e9c9
165,多重响应交叉分析,问卷研究,12,10,"alpha=; sort by=prevalence; delimiter=逗号; group var=年龄段; chisq policy=auto; response vars=力量训练,跑步机有氧,瑜伽普拉提,游泳,团体操课,球类运动; p adjust method=fdr_bh; response format=binary; missing handling=treat_as_no; percentage direction=row",150,fitness_member_survey.csv,419,2414,2,2,option_prevalence.png; cross_heatmap.png,https://dabbit-ai.com/algorithm-cases/4142ed9347d54df89a93438baa301a5f
166,多元方差分析（MANOVA）,差异比较,12,7,因变量=知识掌握 + 3; 事后比较=执行; 分组变量=授课方式; 随机种子=42; 显著性水平=0.05; 标准化方式=不标准化; 前提检验阈值=0.05,150,manova_teaching_data.csv,247,2174,3,3,fig2_group_boxplots.png; fig1_group_means.png; fig3_canonical_scores.png,https://dabbit-ai.com/algorithm-cases/a93643871e30400a873b63a65786d7d7
167,似不相关回归（SUR）,时间序列与计量经济,12,11,估计方法=FGLS两步; 收敛容差=1e-06; 方程设定=方程1：因变量：daily_sales；自变量：promo_spend、floor_area、traffic_flow；方程2：因变量：daily_trans；自变量：promo_spend、staff_count、traffic_flow; 显著性水平=0.05; 正态性检验=Shapiro-Wilk; 缺失值处理=整行删除; 共线性VIF阈值=10; 最大迭代次数=10; 残差协方差估计=小样本自由度校正; 跨方程相关检验=Breusch-Pagan LM; 对照OLS稳健标准误=不启用,150,chain_store_sur.csv,510,1899,3,3,sur_cross_eq_correlation.png; sur_fit_residual_diagnostics.png; sur_coefficient_forest.png,https://dabbit-ai.com/algorithm-cases/3d35507215444e0bad0fe9edffaabc5e
168,分层聚类,聚类与降维,12,6,簇数=自动选择; 距离度量=euclidean; 连接方式=ward; 标准化方式=z-score标准化; 谱系图输出=是; 轮廓系数最大候选簇数=,150,store_operations.csv,277,1183,1,3,dendrogram.png; silhouette_curve.png; cluster_projection.png,https://dabbit-ai.com/algorithm-cases/b55021f4d82044f7bf4dbbf52308f322
169,误差修正模型（ECM）,时间序列与计量经济,12,8,x=外贸进出口总额; y=集装箱吞吐量; 时间列=月份; 显著性水平=0.05; 最大滞后阶数=1; 确定性项设定=含截距; 滞后阶数选择准则=AIC; 短期动态是否含当期差分=含当期差分,150,port_trade_monthly.csv,286,1405,3,2,ecm_dynamics_文件1.png; longrun_fit_文件1.png,https://dabbit-ai.com/algorithm-cases/f15ad4708eeb4bfba2db6a8a676c9332
170,解释结构模型（ISM）,综合评价,12,6,figure dpi=200; fill missing=true; include micmac=true; max iterations=0（默认，自动按要素数上限）; sensitivity edges=0（默认，不执行）; consensus threshold=0.5,150,quality_factors_relations.csv,388,2429,1,3,ism_level_structure.png; ism_matrices_heatmap.png; ism_micmac_scatter.png,https://dabbit-ai.com/algorithm-cases/91ed4111bad440888a64af6f429c518e
171,单因素与多因素回归,医学统计,12,12,回归类型=linear（连续结局线性回归）; 结局变量=空腹血糖; 置信水平=0.95; 异方差处理=自动（检验后必要时改用稳健标准误）; 自变量列表=年龄 + 7; VIF共线性阈值=10; 分类变量处理=哑变量编码并检验整体效应; 强制纳入变量=请选择; 显著性水平alpha=0.05; 多因素保留规则=全量保留（默认，不做逐步筛选）; 多因素纳入规则=单因素P<阈值全部纳入; 单因素筛选P阈值=0.10,150,health_exam_glucose.csv,385,2215,2,3,fig_vif.png; fig_diagnostics.png; fig_forest.png,https://dabbit-ai.com/algorithm-cases/38ca1ed3736d4fc791f360f0fd7069e9
172,单个率Meta分析,Meta分析,12,6,loo=auto; egger=auto; model=random; ci level=; transform=freeman_tukey; tau2 estimator=dl,150,hai_incidence_studies.csv,209,7335,1,3,forest_plot.png; leave_one_out_plot.png; funnel_plot.png,https://dabbit-ai.com/algorithm-cases/5870d61fa4764c538b56bbc0c7c6f637
173,功效分析之率差,功效分析,12,10,求解目标=样本量; 分配比ratio=; 对照组率p1=; 试验组率p2=; 每组样本量n1=未设置; 目标功效power=; 显著性水平alpha=; 检验方向alternative=two-sided; 蒙特卡洛次数mc reps=; 对照组标签baseline label=对照组,150,pilot_group_rate_data.csv,366,1485,2,4,detectable_difference_curve.png; allocation_ratio_curve.png; pilot_rate_ci.png; power_sample_size_curve.png,https://dabbit-ai.com/algorithm-cases/bd9bf76273e4442e9316628ac782bfda
174,岭回归,回归分析,12,7,"solver=auto; dep var=成交总价_万元; cv folds=; alpha grid=logspace(-3,3,61); standardize=是（默认，StandardScaler 先标准化）; output ridge trace=是（默认，生成岭迹图）; output ols baseline=是（默认，样本允许时对比无惩罚 OLS）",150,housing_prices.csv,422,1604,2,2,predicted_vs_actual.png; ridge_trace.png,https://dabbit-ai.com/algorithm-cases/2a2a2ece317e4972acdc8100b9978ac5
175,互相关性分析,相关分析,12,7,alpha=0.05; max lag=10; series x=未设置; series y=未设置; prewhiten=auto; time column=未设置; min match rate=0.90,150,retail_daily_exposure_orders.csv,347,1269,3,2,series_alignment.png; ccf_lags.png,https://dabbit-ai.com/algorithm-cases/95fe1f02160f41a599dd62727c632ac4
176,Mood中位数检验,差异比较,12,7,ties=below; alpha=; figures=box_dot + 1; correction=; do pairwise=; group column=干线线路; value column=配送时长_小时,150,delivery_duration_routes.csv,273,1517,3,2,mood_median_contingency.png; mood_median_groups.png,https://dabbit-ai.com/algorithm-cases/f059a9dd4d154211aae3c85e095a7d39
177,耦合协调度模型,综合评价,12,9,min rows=; time column=年份; unit column=城市代码; relative gap=; normalization=efficacy; weight method=entropy; subsystem weights=equal; negative indicators=单位GDP能耗; subsystem indicators=城镇化系统：常住人口城镇化率、人均地区生产总值、二三产业增加值占GDP比重；生态环境系统：森林覆盖率、空气质量优良天数比例、城镇生活污水处理率、单位GDP能耗,150,urbanization_eco_panel.csv,486,1775,3,3,fig_trend.png; fig_level_dist.png; fig_scatter.png,https://dabbit-ai.com/algorithm-cases/4c671796bdee4b0aa655038e6342bee5
178,信号滤波,时间序列与计量经济,12,11,polyorder=; cutoff low=未设置; cutoff high=未设置; time column=time_s; filter order=; filter method=butter_lowpass; sampling rate=; window length=; missing policy=reject; signal columns=vibration_measured; reference column=vibration_reference,150,vibration_signal.csv,391,1012,2,3,filter_residual.png; filter_spectrum.png; filter_waveform.png,https://dabbit-ai.com/algorithm-cases/db4dde876aeb4c70a5532815f0fc9497
179,NRI和IDI指标,医学统计,12,9,alpha=; tie eps=; ci level=; nri mode=both; min group=; event value=; outcome col=mortal28; new model cols=lactate_mmol; old model cols=age + 2,150,sepsis_mortality_risk.csv,338,1729,4,3,probability_scatter.png; metric_estimate_ci.png; reclassification_direction.png,https://dabbit-ai.com/algorithm-cases/5faffa446cfa4c96b4060a9f05ba99e1
180,TF-IDF分析,文本分析,13,8,"norm=l2; top n=; max df=; min df=; use idf=; ngram range=(1,1); max features=; sublinear tf=",150,customer_reviews.csv,252,2389,3,3,tfidf_top_terms.png; group_keywords.png; tfidf_doc_term_heatmap.png,https://dabbit-ai.com/algorithm-cases/d3aca940596f421aa7d507948d75711d
181,指数平滑,预测模型,13,10,beta=自动估计; alpha=自动估计; gamma=自动估计; 参数估计=自动优化; 季节周期=auto（默认，按频率推断：月12季4周52日7）; 季节设定=auto（默认，由周期诊断确定）; 平滑方法=auto（默认，按预留误差择优）; 误差指标=RMSE; 趋势设定=auto（默认，由候选比较确定）; 预测步数=12,150,monthly_sales.csv,335,1828,2,3,exponential_smoothing_forecast.png; exponential_smoothing_residuals.png; exponential_smoothing_model_compare.png,https://dabbit-ai.com/algorithm-cases/8c49c40e50634f79886577a2dc1bccef
182,词云图（词频可视化）,文本分析,13,9,top n=; width=; height=; max words=; count field=未设置; text fields=未设置; min word len=; custom stopwords=请选择; remove stopwords=,150,shopping_experience_feedback.csv,311,1191,2,2,top_terms_bar.png; word_cloud.png,https://dabbit-ai.com/algorithm-cases/3d485f95297d4bd184c6a6e9c3c01be9
183,量具线性与偏倚研究,质量控制,13,8,alpha=; min levels=; part column=标准件编号; min replicates=; reference column=标准值; process variation=未设置; measurement column=测量值; residual diagnostics=,150,gage_force_data.csv,359,1827,2,3,gage_bias_regression.png; gage_level_bias_ci.png; gage_residual_diagnostics.png,https://dabbit-ai.com/algorithm-cases/0039150779954968a62b72995f244324
184,Kappa一致性检验,医学统计,13,10,主评字段=医师甲CT分级; 判读标准=Altman（医学常用）; 参评字段=医师乙CT分级; 数据形态=两列成对评分; 权重方案=无权重; 类别标签=0：正常；1：良性可能；2：可疑恶性；3：高度可疑恶性; 类别顺序=0 + 3; 置信水平=0.95; 对象ID字段=受试者ID; 显著性水平=0.05,150,lung_ct_grading_agreement.csv,371,1407,2,3,fig_kappa_agreement_matrix.png; fig_category_agreement.png; fig_kappa_ci.png,https://dabbit-ai.com/algorithm-cases/62c43c28a0814a47a1149426661cbe37
185,响应面分析,试验设计,13,9,alpha=; n grid=; objective=maximize; plot pair=auto; design type=ccd; random seed=; factor columns=浸提温度 + 2; model reduction=; response column=茶多酚得率,150,tea_polyphenol_extraction_rsm.csv,329,1854,1,3,rsm_observed_vs_predicted.png; rsm_response_surface.png; rsm_residual_diagnostics.png,https://dabbit-ai.com/algorithm-cases/2a662748e4d44df4ad68c62e2f745f71
186,模拟退火算法,规划求解,13,9,初始温度=默认：自动估算; 求解方向=默认：最小化成本; 终止温度=默认：0.0001; 重启次数=3; 问题类型=默认：自动识别; 随机种子=默认：42; 每温迭代次数=500; 温度衰减系数=0.94; 最大总迭代次数=100000,150,delivery_sites.csv,262,1457,1,2,fig_convergence_0.png; fig_route_0.png,https://dabbit-ai.com/algorithm-cases/22a8f8b6cb0a45eeb6d4dd3591efaac4
187,负二项回归,回归分析,13,5,估计方法=bfgs; loglike method=nb2; 显著性水平=默认 0.05; 稳健标准误=不启用; 最大迭代次数=默认 100,150,bus_breakdown_records.csv,260,2450,1,3,calibration_plot.png; irr_forest.png; count_distribution_fit.png,https://dabbit-ai.com/algorithm-cases/8c0dcc4e233943d2bad7b20bfd8568a4
188,ROC曲线（诊断评价）,医学统计,13,7,score field=血清标志物评分; 随机种子=42; outcome field=金标准诊断结果; 最佳阈值准则=约登指数最大化; 自助抽样次数=2000; 配对模型比较=不比较; 阳性结局标签=自动识别,150,roc_diagnostic_data.csv,323,1154,2,2,threshold_curve.png; roc_curve.png,https://dabbit-ai.com/algorithm-cases/a9cfe772e7cd4eb2a56d09895f973519
189,零膨胀泊松回归,回归分析,13,11,disp=0; alpha=0.05; method=bfgs; maxiter=100; cov type=nonrobust; response=claim_count; effect scale=irr_or; inflation link=logit; count covariates=annual_mileage + 2; inflation covariates=garage; excess zero threshold=0.02,150,vehicle_claim_data.csv,394,1794,6,2,zip_count_distribution.png; zip_coefficient_forest.png,https://dabbit-ai.com/algorithm-cases/4878fd08476645c481c86a8925fefde0
190,配对卡方（McNemar检验）,医学统计,13,7,alpha=; correction=; exact mode=auto; field after=未设置; field before=未设置; field pair id=未设置; min match rate=,150,maintenance_hazard_inspection.csv,309,1152,1,2,mcnemar_discordant_pairs.png; mcnemar_rates_diff.png,https://dabbit-ai.com/algorithm-cases/fcfb213a260b4cfbbb8a3a67bd309b2c
191,文本聚类分析,文本分析,13,10,k=auto; k max=; max df=; min df=; analyzer=char_wb; vectorizer=tfidf; ngram range=2 + 1; text column=留言内容; max features=; sublinear tf=,150,feedback_messages.csv,335,1380,2,3,cluster_top_terms.png; cluster_projection.png; cluster_selection.png,https://dabbit-ai.com/algorithm-cases/a908ec861b0c4f8999ccbc5faa0c664f
192,空间杜宾误差模型（SDEM）,空间计量,13,10,x=研发投入 + 2; y=创新产出; knn k=; coord x=coord_x; coord y=coord_y; weight type=knn_k; distance band=未设置; inverse power=; row standardize=; moran permutations=,150,regional_innovation_sdem.csv,324,2442,5,3,fig_weights_network.png; fig_moran_comparison.png; fig_effects_forest.png,https://dabbit-ai.com/algorithm-cases/33ea753803e344089c3a170715acff7b
193,协方差分析,差异比较,13,11,alpha=0.05; group column=促销方案; target column=活动周销售额; normality check=开启; covariate center=总体均值中心化; missing strategy=整行删除; covariate columns=门店面积 + 1; homogeneity check=开启; interaction alpha=0.05; interaction check=开启; multiple comparison=bonferroni,150,retail_promotion_sales.csv,478,1554,3,3,fig_scatter_lines.png; fig_resid_qq.png; fig_adjusted_means.png,https://dabbit-ai.com/algorithm-cases/35ed83c26a9c4495a09833e93eea8487
194,Malmquist指数,综合评价,13,10,分解模式=全分解PECH与SECH; 时期列名=period; 汇总方式=几何平均; 距离导向=输入导向; 面板处理=平衡面板要求; 产出列前缀=output_; 投入列前缀=input_; 决策单元列名=dmu; 持平判定容差=0.01; 结果保留小数位=4位,150,store_panel.csv,286,3144,2,3,malmquist_trend.png; malmquist_heatmap.png; malmquist_components_bar.png,https://dabbit-ai.com/algorithm-cases/eac69c93121944db8aa32994d058ce5b
195,重复测量方差分析,医学统计,14,9,数据格式=长格式; 时间字段=自动识别; 被试字段=自动识别; 效应量类型=偏eta方; 显著性水平=0.05; 测量值字段=自动识别; 球形性检验=执行Mauchly检验; 多重比较校正=Bonferroni; 球形性校正方式=Greenhouse-Geisser,150,rm_anova_sbp_followup.csv,310,1453,3,2,fig1_pairwise_forest.png; fig1_spaghetti.png,https://dabbit-ai.com/algorithm-cases/bdd4debfa8044b0b8668ff86d83deee1
196,Xbar-S控制图（均值-标准差图）,质量控制,14,9,判异规则=超限点＋连续7点同侧游程; 正态性诊断=开启; 固定切分容量=5; 子组分组方式=自动识别：优先按子组字段分组; 子组容量处理=随子组容量逐组计算控制限; 异常子组处理=仅标记并提示核查; 子组最小样本数=2; 过程标准差估计=合并估计（自由度加权，默认）; 正态性显著性水平=0.01,150,filling_netcontent_batches.csv,294,1112,2,3,sigma_consistency_plot.png; xbar_s_control_chart.png; residual_qq_plot.png,https://dabbit-ai.com/algorithm-cases/89fdcabf3099474897462975e37db270
197,游程检验,差异比较,14,12,值列=灌装净含量(ml); 排序列=批次号; 切点方法=中位数; 检验方向=双侧; 检验模式=单样本随机性检验; 概率算法=自动; 并列值策略=保留原始顺序; 显著性水平=; 连续性校正=启用; 切点等值处理=归为低位组; 自定义切点值=; 精确法样本上限=,150,fill_weight_monitor.csv,294,1124,2,2,figure_cut_sensitivity.png; figure_run_sequence.png,https://dabbit-ai.com/algorithm-cases/94cce45978594973806bf9a69ca6aad0
198,方差分析（单因素/多因素）,差异比较,14,9,"alpha=0.05; 因素列名=商圈类型,促销方案; 因变量列名=日均营业额_万元; 平方和类型=II 型（默认，非平衡设计稳健）; 效应量类型=eta² 与 partial eta²; 正态性检验=Shapiro-Wilk（默认，小样本组内检验）; 多重比较方法=Tukey HSD（默认，方差齐时）; 方差齐性检验=Levene（默认，对非正态稳健）; 非参数灵敏度检验=Kruskal-Wallis（默认，单因素非正态时执行）",150,anova_business_data.csv,351,4393,3,3,anova_group_box.png; anova_qq_plot.png; anova_interaction.png,https://dabbit-ai.com/algorithm-cases/894f81b818cc4d6fb40587503909a39b
199,广义估计方程（GEE）,回归分析,14,12,tol=; link=Logit; family=二项分布-Logit; id var=id; maxiter=; outcome=control; cov type=稳健三明治; time var=visit; cov struct=自动按QIC择优; predictors=visit + 2; interactions=group:visit; categorical vars=group,150,diabetes_followup.csv,406,1550,1,3,gee_qic_comparison.png; gee_coefficients.png; gee_trajectory.png,https://dabbit-ai.com/algorithm-cases/73cbcf615dd846e69a8e7ab83b833ea5
200,事后多重比较,差异比较,14,6,效应量输出=报告效应量Cohen d; 显著性水平=0.05; 全局前置检验=默认：仅全局检验显著才做两两比较（ANOVA/Welch）; 方差齐性检验方法=Levene（默认，稳健）; 齐性时的两两比较方法=Tukey HSD; 方差不齐时的两两比较方法=Games-Howell,150,promotion_spend.csv,284,1737,2,2,promotion_spend_csv_pairwise_forest.png; promotion_spend_csv_group_means.png,https://dabbit-ai.com/algorithm-cases/4350b2b5d2f64c7fa0feb7bb986ba3ca
201,基尼系数,时间序列与计量经济,14,10,分组字段=district; 加权方式=按权重字段加权; 小数位数=4位; 数值字段=income; 权重字段=weight; 置信区间=Bootstrap百分位; 自举次数=1000次; 计算方法=直接公式; 随机种子=固定42; 分组区间数=10组,150,income_distribution_sample.csv,279,1601,2,3,group_gini_comparison.png; bootstrap_distribution.png; lorenz_curve.png,https://dabbit-ai.com/algorithm-cases/cc13b134b1aa492b945081821eb43a10
202,分组回归,时间序列与计量经济,14,10,因变量=月营业额（万元）; 自变量=营销投入（万元） + 1; 分组变量=区域; 参考组设定=按取值排序第一组; 显著性水平=0.05; 标准误类型=自动; VIF共线性阈值=10; 系数呈现方式=原始系数; 组间差异检验方式=Chow检验与交互项Wald; 每组最少样本量下限=自变量数+2,150,store_revenue_by_region.csv,274,2503,5,2,grouped_fit_scatter.png; grouped_coefficients.png,https://dabbit-ai.com/algorithm-cases/52c3e1d9862b465489b876369568a58c
203,连续性数据Meta分析,Meta分析,14,10,alpha=; egger=; effect type=SMD; 合并模型=随机效应-DL为主并报告固定效应; 置信水平=0.95; 输出图表=森林图加漏斗图; 效应量类型=SMD-Hedges g; 小样本偏倚检验=Egger回归加漏斗图; 异质性决策阈值=50%; 最小纳入研究数=2,150,salt_substitute_sbp_studies.csv,323,10534,3,2,forest_plot.png; funnel_plot.png,https://dabbit-ai.com/algorithm-cases/6391077809b54255996c15af3112ed9a
204,独立样本Mann-Whitney U检验,差异比较,14,5,alpha=; method=auto; alternative=two-sided; use continuity=; bootstrap replications=,150,customer_service_times.csv,248,980,1,2,fig_ecdf.png; fig_boxstrip.png,https://dabbit-ai.com/algorithm-cases/e67f95c22bf745f89db0f641ee2c2991
205,数据包络分析（DEA）,综合评价,14,9,dmu column=门店编号; 效率导向=投入导向; input columns=营业面积（平方米） + 2; output columns=月度销售收入（万元） + 1; 敏感性分析=关闭; 效率判定容差=1e-6; 规模报酬模型=VRS; 非正数据处理=同列平移; 样本量经验阈值=3倍(m+s),150,retail_store_operations.csv,332,6724,4,2,efficiency_decomposition.png; efficiency_ranking.png,https://dabbit-ai.com/algorithm-cases/e09289a670254ff7b9a249e09c865b4a
206,广义线性模型（GLM）,回归分析,14,10,link=log; alpha=; scale=pearson; family=poisson; target=claim_count; predictors=driver_age + 3; offset column=未设置; vif threshold=; include intercept=; dispersion threshold=,150,auto_insurance_claims.csv,366,2039,1,3,figure_obs_vs_fit.png; figure_coef_forest.png; figure_pearson_resid.png,https://dabbit-ai.com/algorithm-cases/3338d28889fe406f9856226a3f9c6e63
207,格兰杰因果检验,时间序列与计量经济,14,10,alpha=; max lag=; p adjust=none; time column=month; cause series=ads_clicks + 1; stationarity=auto; bidirectional=; effect series=sales_amount; include trend=; lag criterion=aic,150,ecommerce_marketing_metrics.csv,407,2212,4,2,pvalues_1.png; series_1.png,https://dabbit-ai.com/algorithm-cases/db8d3d7ed38d414e97d5ac4d12ff2585
208,朴素贝叶斯,机器学习,14,12,alpha=; metric=macro_f1; binarize=; stratify=; fit prior=; test size=; model type=multinomial; random state=; target column=sentiment; var smoothing=; feature columns=满意 + 15; missing strategy=mean,150,review_sentiment.csv,359,1736,2,3,confusion_matrix.png; roc_curve.png; confidence_by_class.png,https://dabbit-ai.com/algorithm-cases/69fbc78a3c604e049aa2775842281618
209,自变量空间滞后模型（SLX）,空间计量,14,7,knn k=4; lag mode=all; robust se=稳健; lag x fields=[]; distance band=0; row standardize=True; significance level=0.05,150,store_network.csv,322,1386,1,3,slx_spatial_units.png; slx_moran_residual.png; slx_effects_forest.png,https://dabbit-ai.com/algorithm-cases/afb040ad7a03441287752bbcf92b48ff
210,协整检验,时间序列与计量经济,15,10,trend=c; maxlag=auto; method=eg; autolag=aic; x column=trade_value; y column=throughput; det order=0; k ar diff=auto; test type=trace; significance level=0.05,150,port_cargo_data.csv,374,1399,3,2,cointegration_series.png; eg_longrun_residuals.png,https://dabbit-ai.com/algorithm-cases/86c01956ba2e40799efcdd33ffdd02fb
211,空间滞后模型（SLM/SAR）,空间计量,15,12,估计方法=极大似然 ML（默认，n≤1200）; 含截距项=是; 坐标类型=经纬度 lon/lat（默认，Haversine 球面距离）; 权重类型=knn 近邻; 行标准化=是; 坐标X字段=lon; 坐标Y字段=lat; 单元ID字段=id; 近邻数量 k=4; 因变量字段=avg_price; 自变量字段=metro_km + 2; 距离带阈值系数=1.5（默认，中位最近邻距离的倍数）,150,housing_communities.csv,412,1979,3,3,moran_scatter.png; spatial_maps.png; coefficient_compare.png,https://dabbit-ai.com/algorithm-cases/20d5b96d865f4b3da5b87646c393690f
212,VAR向量自回归,时间序列与计量经济,15,10,ic=aic; vars=促销投入指数 + 2; alpha=; trend=c; maxlags=; missing=fail; time col=月份; diff order=; irf periods=; fevd periods=,150,convenience_store_monthly.csv,351,1840,2,5,fevd.png; series.png; ic_order.png; stability.png; irf.png,https://dabbit-ai.com/algorithm-cases/b57bda6fe7964c3bb0f152f6fc800dab
213,公差区间,质量控制,15,7,side=both; coverage=0.95; decimals=4; confidence=0.95; normality test=auto; normality alpha=0.05; nonparametric fallback=true,150,injection_molding_qc.csv,293,1441,1,3,fig_tolerance_histogram.png; fig_tolerance_factor_n.png; fig_normality_qq.png,https://dabbit-ai.com/algorithm-cases/e4e73d5b8d274113b751cd84a52dbaf7
214,禁忌搜索算法,规划求解,15,8,tabu tenure=; max iterations=; stagnation limit=; initial heuristic=nearest_neighbor; neighborhood type=two_opt; aspiration enabled=; time limit seconds=; candidate neighbors=,150,city_store_coords.csv,352,1413,1,3,fig3_heatmap.png; fig1_convergence.png; fig2_route.png,https://dabbit-ai.com/algorithm-cases/b114b5c7ec6b42fcb94cfeb48ad2d40f
215,路径分析,问卷研究,15,11,图标注=默认：标准化系数; 模型路径=产品品质、感知价值 + 6; 置信水平=默认：0.95; 随机种子=默认：2024; Bootstrap次数=默认：2000; 显著性水平=默认：0.05; 标准化系数=默认：True（输出 β 便于比较变量影响力）; 缺失值处理=默认：成列删除（listwise）; 效应报告范围=默认：直接+间接+总效应; 间接效应检验=默认：Bootstrap; Bootstrap区间类型=默认：百分位（Percentile）,150,customer_repurchase_path_data.csv,446,2189,3,4,bootstrap_indirect.png; residual_diagnostics.png; path_diagram.png; effect_decomposition.png,https://dabbit-ai.com/algorithm-cases/5037beb09db54731b7a0659b812a4dbd
216,KANO模型,问卷研究,15,6,反向属性处理=剔除出Better-Worse分母; 象限分界方式=整体均值; 最小有效样本量=30; 反向问题选项方向=与正向同向编码，无需倒转; 属性并列平票顺序=必备>期望>魅力>无差异>反向; 分类不稳定提示阈值=5%,150,mobile_payment_kano.csv,256,1487,1,2,fig2_category_stack.png; fig1_better_worse.png,https://dabbit-ai.com/algorithm-cases/9e849d36da4041c09faa7a241db9f952
217,综合指数,综合评价,15,11,n grades=; id column=store_id; directions=cost rate：-；sales growth：+；sales per sqm：+；staff turnover：-；customer satisfaction：+; aggregation=weighted_mean; weight mode=equal; grade method=quantile; group column=region; normalization=minmax; missing method=drop; default direction=+; indicator columns=sales_growth + 4,150,store_performance.csv,533,4023,1,2,analysis_indicator_weights.png; analysis_score_ranking.png,https://dabbit-ai.com/algorithm-cases/33d844246d2c4f2aaf36b360b42a6cf5
218,两阶段最小二乘（TSLS/2SLS）,时间序列与计量经济,15,11,因变量=销售额(万元); 内生变量=广告投放(万元); 工具变量=点击成本(元) + 1; 控制变量=人口规模(万人) + 1; 聚类变量=未设置; 内生性检验=DWH/Wu-Hausman检验; 显著性水平=0.05; 标准误类型=稳健标准误; 输出OLS对比=是; 过度识别检验=Sargan检验; 弱工具变量F临界值=10,150,regional_advertising_sales.csv,539,1449,2,3,fig_stage2_resid_fit.png; fig_ols_vs_2sls_forest.png; fig_first_stage_fit.png,https://dabbit-ai.com/algorithm-cases/7a505b1a5a464772b271e037f0a5abc0
219,分类汇总,描述性统计,15,9,合计行=是; 统计量=样本量 + 5; 分组占比=是; 分组变量=城市 + 1; 分组排序=按分组字段取值出现顺序; 汇总指标=销售额 + 1; 最大分组数=; 缺失值处理=成对剔除; 每组最小样本量=,150,retail_sales.csv,215,1617,1,2,figure_group_mean.png; figure_group_box.png,https://dabbit-ai.com/algorithm-cases/bba866f4f1b14e7eb807ed5d913ba522
220,ARIMA模型,预测模型,15,12,ic=aic; alpha=; d max=; order=auto; p max=; q max=; trend=auto; time col=月份; value col=月销售额; test periods=auto; forecast steps=; allow duplicates=fail,150,retail_sales_monthly.csv,232,1955,4,3,fig_order_selection.png; fig_residual_diagnosis.png; fig_forecast.png,https://dabbit-ai.com/algorithm-cases/dfb19f58817648a595d9d0be94edad7e
221,P值合并,Meta分析,15,9,side=two_sided; method=all; ks alpha=0.01; p column=auto; min studies=2; weight column=auto; direction column=auto; direction fallback=assume_same; significance level=0.05,150,evidence_p_values.csv,362,6593,3,3,figure_pvalues.png; figure_sensitivity.png; figure_qq.png,https://dabbit-ai.com/algorithm-cases/c79bd60ab70e4f978ddb9b1640deb703
222,DEMATEL,综合评价,15,4,score scale=0-4级直接打分; threshold rule=综合影响矩阵均值; custom threshold=0.200; normalize method=最大行和归一化,150,dematel_supply_chain_impact_scores.csv,384,2127,1,2,dematel_causal_diagram.png; dematel_influence_network.png,https://dabbit-ai.com/algorithm-cases/199950702fae4527b4f1c7a41a0d59d4
223,竞争风险模型,医学统计,15,10,协变量=年龄 + 2; 事件字段=结局; 分组字段=糖尿病; 收敛容差=; 时间字段=随访时间; 置信水平=; 评估时间点=12 + 2; 关注事件取值=; 最大迭代次数=; 自助法重复次数=,150,pd_competing_risk.csv,361,2114,4,3,cif_curves.png; fg_forest.png; cif_by_group.png,https://dabbit-ai.com/algorithm-cases/d605f031c7534f59b9312e4c4b730129
224,CatBoost（梯度提升树）,机器学习,15,12,"depth=6; od wait=100; iterations=500; eval metric=Auto; l2 leaf reg=3; random seed=2024; learning rate=0.05; loss function=Logloss; target column=是否流失; bootstrap type=Bayesian; one hot max size=2; categorical features=套餐类型,办理渠道,所属区域,合约状态,增值业务",150,telecom_churn.csv,443,1309,2,3,feature_importance.png; roc_curve.png; loss_curve.png,https://dabbit-ai.com/algorithm-cases/ae0348bea7934e6fb9d563d12b71ef69
225,多期DID,时间序列与计量经济,16,10,alpha=; id column=unit_id; time column=time; event window=-4 + 1; cluster level=unit; outcome column=outcome; treated column=treated; run sun abraham=; covariate columns=请选择; treatment time column=treatment_time,150,store_pilot_panel.csv,313,1762,2,3,fig2_event_study.png; fig1_group_trends.png; fig3_sa_vs_twfe.png,https://dabbit-ai.com/algorithm-cases/877bbfe50cf1473dac3ba684937a082b
226,功效分析之方差,功效分析,16,7,组数k=; 效应量f=; 求解目标=所需样本量; 目标功效=; 效应量来源=数据估计; 每组样本量n=; 显著性水平α=,150,picking_time_records.csv,271,1304,3,2,pilot_groups.png; power_curve.png,https://dabbit-ai.com/algorithm-cases/ea11e204cbd442539c826a46aa78a6fb
227,等价性检验,差异比较,16,8,alpha=; delta=; paired=; group a=灌装线A; group b=灌装线B; group col=灌装线; value col=净含量_ml; delta type=absolute,150,filling_line_equivalence.csv,328,1529,2,2,equivalence_interval.png; group_distribution.png,https://dabbit-ai.com/algorithm-cases/1ba935d0306b48ab93968f122a4bd755
228,过程能力分析,质量控制,16,9,目标值=; 子组字段=批次; 置信水平=; 规格上限=; 规格下限=; 正态性检验=Shapiro-Wilk（n≤5000），α=0.05; 测量值字段=净含量_g; 数据组织方式=子组; 非正态处理方法=百分位数法构造Pp/Ppk,150,canning_net_weight_subgroups.csv,282,1690,2,2,capability_histogram.png; control_chart.png,https://dabbit-ai.com/algorithm-cases/8cd40b96b06d4cc683b80167d03b3a6c
229,熵权TOPSIS,综合评价,16,9,id column=门店编号; sensitivity=leave_one_out; direction map=商品损耗率 pct：negative；运营成本 万元：negative; cost transform=max_minus; entropy epsilon=; missing handling=median_impute; normalize method=vector; indicator columns=未设置; missing threshold=,150,store_performance.csv,432,6333,3,4,entropy_weights.png; ideal_distance_stack.png; closeness_ranking.png; sensitivity_heatmap.png,https://dabbit-ai.com/algorithm-cases/3a28ee5c3a3f41ebacf5ce985f35ea69
230,LDA主题分析,文本分析,16,16,top n=; max df=; min df=; max iter=; id column=review_id; num topics=; text column=feedback_text; tune topics=; max features=; random state=; learning decay=; doc topic prior=auto; learning method=batch; learning offset=; stopwords extra=my + 109; topic word prior=auto,150,reviews_feedback.csv,469,1994,3,4,topic_scan.png; topic_strength.png; doc_topic.png; topic_words.png,https://dabbit-ai.com/algorithm-cases/fd7215e261984580a410f2b0267c684b
231,方差分解,时间序列与计量经济,16,9,"因变量=月销售额（万元）; 因素变量=运营模式,面积档位,商圈类型; 随机种子=42; 显著性水平α=0.05; 是否纳入交互项=否; 最大因素水平数=50; 贡献率置信区间=不计算; 前提检验执行范围=全部执行; 最小单元格样本量=2",150,chain_store_monthly_sales.csv,242,1097,1,3,main_effect_means.png; residual_diagnostics.png; variance_contribution.png,https://dabbit-ai.com/algorithm-cases/ddadece0b0984da78e8dbfc3b803ecde
232,断点回归（RDD）,时间序列与计量经济,16,13,cutoff=; design=auto; kernel=triangular; n bins=; donut frac=; outcome var=次年人均产值(万元); running var=技改评估得分; placebo check=; treatment var=资助资格; bootstrap reps=; bandwidth value=未设置; bandwidth method=cv; significance level=,150,rdd_digital_subsidy_firms.csv,419,1258,3,3,figure_rd_density.png; figure_rd_sensitivity.png; figure_rd_effect.png,https://dabbit-ai.com/algorithm-cases/1d0007ddbf104b098f3599b387598e65
233,逐步回归,回归分析,16,10,筛选准则=pvalue; 筛选方向=both; 随机种子=; 共线性检查=; 入选P值阈值=; 剔除P值阈值=; 交叉验证折数=; 是否含常数项=; 最大入选变量数=; 方差膨胀因子上限=,150,bakery_store_monthly.csv,259,1471,1,2,figure_fit_diagnostics.png; figure_coefficient_forest.png,https://dabbit-ai.com/algorithm-cases/f47c8748c4f24ad8a67e2923d4444e8d
234,单样本Wilcoxon符号秩检验,差异比较,16,8,参考值=; 变量选择=自动识别; 备择假设=双侧; 检验方法=自动; 随机种子=; 零值处理=wilcox; 显著性水平=; 连续性校正=开启,150,bag_netweight_qc.csv,322,1260,2,3,fig2_sample_vs_reference.png; fig1_diff_distribution.png; fig3_hl_ci.png,https://dabbit-ai.com/algorithm-cases/9c2fd3178a2f4e2b832d8a438bf92313
235,零膨胀负二项回归,回归分析,16,9,nb p=; maxiter=; optimizer=bfgs; alpha level=; count columns=all_numeric_except_target; target column=auto; inflation link=logit; exposure column=none; inflate columns=same_as_count,150,car_insurance_claims_150.csv,483,2774,3,3,figure_zero_compare.png; figure_coef_forest.png; figure_calibration.png,https://dabbit-ai.com/algorithm-cases/3987a175ad9f44c384c32a4586ad4aa4
236,共同方法偏差检验（Harman）,问卷研究,16,8,alpha=0.05（默认，常用范围0.01–0.10）; kmo minimum=0.60（默认，常用范围0.50–0.80）; factor count=1（默认，常用范围1–3）; item columns=全部数值列（默认，自动识别题项）; factor criterion=特征值大于1（默认，常用范围：1.0）; extraction method=主成分分析（默认，无旋转）; variance threshold=0.50（默认，常用范围0.40–0.60）; min samples per item=3（默认，常用范围2–10）,150,employee_work_attitude_survey.csv,518,1162,3,3,first_factor_loadings_employee_work_attitude_survey.png; variance_explained_employee_work_attitude_survey.png; scree_plot_employee_work_attitude_survey.png,https://dabbit-ai.com/algorithm-cases/b7a5517dd84143b18767b9eea6208463
237,卡方拟合优度检验,医学统计,16,10,"数据形态=原始个案记录; 理论比例=0.40, 0.30, 0.20, 0.10; 随机种子=固定; 效应量计算=Cohen's w; 显著性水平α=0.05; 最小期望频数=5; 期望比例来源=用户给定理论比例; 类别变量字段=缺陷类别; 计数频数字段=自动识别; 期望频数不足处理=蒙特卡罗精确检验",150,defect_category_records.csv,319,1262,1,2,category_contribution.png; observed_vs_expected.png,https://dabbit-ai.com/algorithm-cases/e28d83807b2b48bd9c84556b17120d91
238,线性回归（最小二乘法）,回归分析,16,9,alpha=; cov type=auto; standardize=; fit intercept=; target column=月销售额; vif threshold=; missing policy=drop; outlier policy=none; feature columns=日均客流量 + 3,150,store_monthly_sales.csv,293,1639,1,2,fig_coefficient_forest.png; fig_residual_fit.png,https://dabbit-ai.com/algorithm-cases/0eb401411e8c421d913c215f510089a5
239,内容效度,问卷研究,16,9,icvi cutoff=; rating scale=1-4; strict scale=; scvi ua cutoff=; scvi ave cutoff=; missing strategy=exclude; relevance threshold=; compute modified kappa=; require perfect small panel=,150,diabetes_self_management_expert_ratings.csv,370,2209,2,2,figure_relevance_heatmap.png; figure_icvi_bar.png,https://dabbit-ai.com/algorithm-cases/c602b9cec3414475a77e0f05213537a0
240,剂量反应分析（LD50）,医学统计,17,5,link=probit; alpha=; response name=死亡; dose transform=log10; response levels=10 + 2,150,dose_response_data.csv,278,1599,3,2,fig_dose_response_curve.png; fig_ld_estimates_ci.png,https://dabbit-ai.com/algorithm-cases/bf0f4e6cb03546f1831e98baed19ea99
241,Lasso回归,回归分析,17,10,tol=1e-4; alpha=0.01; target=挂牌总价_万元; cv folds=5; max iter=5000; positive=False; selection=cyclic; standardize=True; random state=42; alpha selection=auto（默认，交叉验证自动选择最优 alpha）,150,house_listing_lasso_data.csv,429,1477,1,3,fig_coefficients.png; fig_alpha_selection.png; fig_observed_vs_predicted.png,https://dabbit-ai.com/algorithm-cases/f474ed6ac9f143fcbfd1237b692f934e
242,Kendall协调系数（W）,相关分析,17,6,alpha=; ties method=average; n permutations=; p value method=chi2; score direction=ascending; correct inverted raters=,150,store_service_audit_scores.csv,281,1748,2,2,figure_parallel_ranks.png; figure_rating_heatmap.png,https://dabbit-ai.com/algorithm-cases/e4d8663ce3c441bfae638ec55e7ca120
243,秩和比法（RSR）,综合评价,17,8,低优列=平均住院日(日) + 1; 档位数=; 分档概率=0.2 + 2; 并列秩法=平均秩; 指标权重=等权; 对象标识列=科室; 正态性检验=开启; 缺失值处理=报错,150,clinical_departments_quality.csv,318,1595,4,3,rsr_ranking.png; indicator_mean_rank.png; rsr_probit_fit.png,https://dabbit-ai.com/algorithm-cases/4152e4c67d5843f1b7a41318b1c0a430
244,OR/HR值Meta分析,Meta分析,17,10,model=auto; ci level=95; sig level=0.05; egger test=true; figure dpi=200; effect type=auto; hetero alpha=0.10; leave one out=true; tau2 estimator=DL; prediction interval=true,150,sleep_diabetes_or_studies.csv,389,9910,2,4,weight_bar.png; forest_plot.png; leave_one_out.png; funnel_plot.png,https://dabbit-ai.com/algorithm-cases/dbeb82c82bf24449af815b8b566ffca1
245,差分分析,时间序列与计量经济,17,9,diff type=普通差分; diff order=auto; time column=month; value column=sales; max diff order=; seasonal period=; white noise test=; stationarity test=ADF为主KPSS辅助; significance level=,150,retail_monthly_revenue.csv,296,1441,2,3,diff_series_comparison.png; final_diff_histogram.png; acf_comparison.png,https://dabbit-ai.com/algorithm-cases/bab5ab439631427ebd0792f4ff126d9b
246,K近邻（KNN）,机器学习,17,9,p=2; task=auto; metric=euclidean; scoring=accuracy; weights=uniform; cv folds=5; algorithm=auto; n neighbors=5; standardize=True,150,telecom_user_churn_risk.csv,311,1076,1,2,knn_cv_curve.png; knn_confusion_matrix.png,https://dabbit-ai.com/algorithm-cases/7bd65ebb7d014ce9b6728552cfebc310
247,GMM估计,时间序列与计量经济,17,11,工具变量=媒介成本指数 + 1; 权重矩阵=two_step; HAC滞后阶数=; 显著性水平=; 被解释变量=月度销售收入; 内生解释变量=广告营销投放; 外生解释变量=门店数量 + 1; 迭代收敛容差=; 迭代最大次数=; 是否包含常数项=是; 一阶段F弱工具阈值=,150,retail_ad_sales.csv,443,1674,2,3,first_stage_diagnostic.png; coefficient_forest.png; fitted_vs_actual.png,https://dabbit-ai.com/algorithm-cases/cabe709ac3bf4eeaa6ae5ca9ea3af2e1
248,新词发现,文本分析,17,9,n max=; n min=; top k=; min pmi=; min freq=; min entropy=; deduplicate text=; drop numeric only=; remove non chinese=,150,new_car_review_comments.csv,270,2745,1,3,new_word_metrics.png; new_word_components.png; new_word_top_freq.png,https://dabbit-ai.com/algorithm-cases/b10dd679ef044424b1e4881fe6983aef
249,内点法,规划求解,17,10,tol=; maxiter=; presolve=; time limit=未设置; sensitivity=; default lower=; default upper=未设置; variable bounds=请选择; dual feasibility tolerance=; primal feasibility tolerance=,150,production_plan_model.csv,451,9544,4,4,figure_optimal_solution.png; figure_sensitivity.png; figure_constraint_slack.png; figure_shadow_price.png,https://dabbit-ai.com/algorithm-cases/ca52d1b5e5fb47dc9a01530916fe0e56
250,中心复合设计（CCD）,试验设计,17,9,levels=x1：50、70；x2：30、60；x3：1.5、2.5；x4：4.5、6.5；x5：12、20; n center=; response=yield_pct; alpha mode=rotatable; alpha value=auto; factor columns=x1 + 4; missing policy=fail; response transform=none; significance level=,150,ccd_extraction_trials.csv,525,1365,0,2,model_diagnostics.png; response_contour.png,https://dabbit-ai.com/algorithm-cases/546e0bfaccfb406aa32581d9450a5f05
251,调节作用（调节效应）分析,问卷研究,17,12,alpha=; centering=均值中心化; robust se=普通标准误; variable m=上级支持感; variable x=工作自主性; variable y=工作投入; jn interval=否; split levels=均值±1标准差; categorical m=自动识别连续或二分类; simple slopes=是; vif threshold=; variables control=在职年限,150,employee_engagement_survey.csv,443,1659,3,2,moderation_interaction.png; simple_slopes_ci.png,https://dabbit-ai.com/algorithm-cases/5568185928ac485e93f597a47aede693
252,调节中介作用（有调节的中介）,问卷研究,17,12,自变量=组织支持感; 中介变量=工作投入; 结果变量=服务绩效; 置信水平=; 调节变量=心理资本; 调节路径=第一阶段X→M; 随机种子=; Bootstrap次数=; 变量中心化=均值中心化; 置信区间方法=百分位Bootstrap; 调节探针水平=均值±1SD; 直接路径是否受调节=否,150,moderated_mediation_data.csv,481,1510,1,3,conditional_effect.png; conditional_forest.png; simple_slopes.png,https://dabbit-ai.com/algorithm-cases/1fa2a29693bf4fb8ae0d0942ccc083ef
